left_h,left_v,right_h,right_v,target_x,target_y,point_id
-0.11362643384144687,-0.05210963507507718,-0.056312078100207885,-0.05521232821450663,100,80,0
-0.11179200044618423,-0.052157507962816346,-0.05202054704183995,-0.05524709152875956,100,80,0
-0.11074531116122055,-0.05233094815638259,-0.044249394705948145,-0.05544113938979853,100,80,0
-0.11023210701407378,-0.05250264178703115,-0.03951306884803863,-0.05567328721703895,100,80,0
-0.1099793221685458,-0.051335946556128054,-0.041087808785322866,-0.05439276961913401,100,80,0
-0.11058113285401389,-0.05073919072260122,-0.042006284710725705,-0.05433939280309024,100,80,0
-0.11531977154622126,-0.04744794586405584,-0.04459497814938153,-0.05423698333633093,100,80,0
-0.11641414591646215,-0.04715006353134475,-0.04518751656183681,-0.05443613349612006,100,80,0
-0.11982566394408066,-0.04780397377579545,-0.04492427084538446,-0.055948163180137976,100,80,0
-0.11868061248839336,-0.04787859385668798,-0.043990058841612174,-0.056140862663936225,100,80,0
-0.1043807629604302,-0.05147824556340753,-0.046428602665919486,-0.05810146109575581,100,80,0
-0.1042288881994792,-0.05129010736021813,-0.04714979554295676,-0.05787769323897339,100,80,0
-0.09414052050292353,-0.04960326938510337,-0.040454071046363685,-0.05725375538606283,100,80,0
-0.09501687691406492,-0.04924661431728382,-0.0407679843123304,-0.057265850902062695,100,80,0
-0.09533549055989247,-0.04855803447379463,-0.04832814648229778,-0.05682776733917206,100,80,0
-0.09658885928327336,-0.048223543517266466,-0.05127158497993105,-0.05668627999262269,100,80,0
-0.08134827029933657,-0.048827448168727965,-0.0361849889174245,-0.05694831894371421,100,80,0
-0.08323105818930027,-0.04928305840914314,-0.03713814980813738,-0.058095681539813426,100,80,0
-0.08899895014528399,-0.047746976091268954,-0.03675585758345417,-0.05857214156498709,100,80,0
-0.08992841754943809,-0.04724227792057312,-0.03613753946162325,-0.05877984145341426,100,80,0
-0.09021851728671841,-0.045988107967637616,-0.03384328463769923,-0.058595037005925533,100,80,0
-0.08781802211398265,-0.046178778482188015,-0.03358301904869702,-0.058497715811202965,100,80,0
-0.09025938222635245,-0.04499071937333831,-0.02482541593962932,-0.05916317027590578,100,80,0
-0.09145218793530013,-0.044867437157954056,-0.02464310054113854,-0.059446533639970114,100,80,0
-0.08954443605739128,-0.04499834079330976,-0.02673820234424014,-0.059436141832074185,100,80,0
-0.0877973006533455,-0.04510074790814962,-0.02617230809365421,-0.05947830387617081,100,80,0
-0.07602998266008439,-0.045189933540266895,-0.025061459049265548,-0.060218485967077136,100,80,0
-0.07604279657426953,-0.04505316755985281,-0.02603202872186983,-0.06018044902990703,100,80,0
-0.07659507453106396,-0.04375183434465919,-0.029798532023280127,-0.05956970164076302,100,80,0
-0.07703048516423647,-0.04357709455017867,-0.03019756045171086,-0.05953707025231822,100,80,0
-0.08285395300563185,-0.04034561088929631,-0.03755161032947854,-0.05731035520114404,100,80,0
-0.08744997216048883,-0.03952026811590732,-0.03980308994635349,-0.0569694706681532,100,80,0
-0.09035413874965503,-0.03969129108071869,-0.042823893182190716,-0.05563111718363232,100,80,0
-0.09106924151602902,-0.039637780330415144,-0.04388129351033654,-0.05552842012616179,100,80,0
-0.09454972423531503,-0.03730149582614398,-0.04596876291575083,-0.0549252245981158,100,80,0
-0.09566166255722972,-0.03690773656013563,-0.04633423593726132,-0.05488525769867563,100,80,0
-0.09730244142317927,-0.03682070168363011,-0.046056370344836645,-0.0564616348248202,100,80,0
-0.09806741114379698,-0.036787733175086226,-0.04590499354418967,-0.05673318634174742,100,80,0
-0.09820014865264444,-0.035105464457058144,-0.04009411641563949,-0.055958870951914305,100,80,0
-0.10314582514353261,-0.03290899375495758,-0.03734472015765028,-0.05612052730696819,100,80,0
-0.10424750159072545,-0.032248386045839204,-0.035999903810209614,-0.05617598578139975,100,80,0
-0.1048254318351765,-0.032077782062556945,-0.03509486369153636,-0.05622393298850659,100,80,0
-0.09643224603291346,-0.03161890881461974,-0.035429529789898266,-0.055066264242487735,100,80,0
-0.09417457731810021,-0.03158756406293169,-0.03488537151982504,-0.05494850453398835,100,80,0
-0.1001462606115243,-0.030868677691383503,-0.03998288139785905,-0.054768855089500516,100,80,0
-0.10151037531534707,-0.03099628395995465,-0.04101388235551438,-0.054801391517432255,100,80,0
-0.10818535818255044,-0.030424396944707496,-0.041613523968395974,-0.05448784887552061,100,80,0
-0.10965203876725739,-0.03006737884647037,-0.04099633383653142,-0.0543581805582767,100,80,0
-0.11544877562151294,-0.0285556622552061,-0.03832277903107541,-0.05399343012454113,100,80,0
-0.11628521470401616,-0.02850136893875303,-0.039549228944247145,-0.05370002897267276,100,80,0
-0.11593334671096842,-0.028417363548122153,-0.038659280604570176,-0.052863250393645936,100,80,0
-0.10920564835745508,-0.02986765698852105,-0.035882132875597335,-0.056199137342928605,100,80,0
-0.10819768390914566,-0.030072423345988898,-0.036103015360105975,-0.05639269104963821,100,80,0
-0.0988629507642539,-0.03072263135283901,-0.04300901175441421,-0.055098475971029966,100,80,0
-0.09822231977585597,-0.030797532258234683,-0.04343069935545076,-0.055048335771321594,100,80,0
-0.09796459398085895,-0.03092704623202311,-0.04334856398298712,-0.05505797591027423,100,80,0
-0.09875868940859225,-0.03012373248930287,-0.04424436262877555,-0.054760294580253825,100,80,0
-0.09926464905727585,-0.02991514190633899,-0.044671293779267374,-0.05473416755818256,100,80,0
-0.10152895745662455,-0.02908561131367653,-0.04526650738297398,-0.05391904860202229,100,80,0
-0.10201574161410387,-0.028880235275243613,-0.045286262791604644,-0.05373237463815503,100,80,0
-0.10595170555175965,-0.02877139733990015,-0.046068656496878704,-0.05415648096210863,100,80,0
-0.10764539887357631,-0.028656897298689307,-0.047062074531545664,-0.0538718177591414,100,80,0
-0.1086023887125076,-0.02799869442364195,-0.04737720192486955,-0.053667609370032586,100,80,0
-0.11232038281077136,-0.027737131946304252,-0.04758751079079935,-0.05361088347248811,100,80,0
-0.11284280360443855,-0.02749527393159434,-0.04739457351874481,-0.053595008276144246,100,80,0
-0.11476362131619011,-0.028340905183341952,-0.0472531976259983,-0.05389238092733305,100,80,0
-0.09186238389526825,-0.03235859449279559,-0.022991924643149423,-0.056011161543290625,434,80,1
-0.09203934765844482,-0.03177378297621588,-0.023296041458759683,-0.05594262653850908,434,80,1
-0.09447038800429658,-0.029728484887226157,-0.019752451518298082,-0.055891887524417115,434,80,1
-0.09495540276158813,-0.029539216072236515,-0.01932354809764358,-0.05594597161364734,434,80,1
-0.09458562174421974,-0.029793797731478205,-0.020676195514843516,-0.05614718257300669,434,80,1
-0.09472415853869989,-0.02930453417395848,-0.02078987840761005,-0.05613410436996714,434,80,1
-0.09234230576102855,-0.029750729464891535,-0.020756018666162945,-0.056098774029648246,434,80,1
-0.0891176436919766,-0.029697219455795905,-0.02009310013470372,-0.05590004750449517,434,80,1
-0.07856801925777496,-0.030009707096416753,-0.021137845811794707,-0.055253283810270705,434,80,1
-0.07651973519536678,-0.03004128581580527,-0.0208460229187188,-0.05521348297564101,434,80,1
-0.07692066003006381,-0.031141312995023984,-0.020846694935962015,-0.055330819946503136,434,80,1
-0.07777795631756336,-0.031577343530760714,-0.021139533300850548,-0.05526179037107561,434,80,1
-0.07533905220127647,-0.029481824426604998,-0.021737398750590258,-0.05372896544857134,434,80,1
-0.07538793703540518,-0.02898407170130824,-0.02190537042852885,-0.05332551792850258,434,80,1
-0.08022909439541853,-0.029021549419569012,-0.027079190498090648,-0.053305523708352835,434,80,1
-0.08113042159988398,-0.029068244536367367,-0.028186983053043003,-0.05338798875598235,434,80,1
-0.08354822169869934,-0.03057268927579583,-0.03364998228111731,-0.05458618356761653,434,80,1
-0.08451339438252096,-0.030970713871378966,-0.034350997619274966,-0.05481171458336219,434,80,1
-0.08556184129480651,-0.03065216501921709,-0.036363029854343455,-0.05460426638201204,434,80,1
-0.08645999284992822,-0.030521483463612362,-0.03703090513670966,-0.0546791266721746,434,80,1
-0.09648084984626284,-0.029730483102537942,-0.03669834061812715,-0.054047476459957014,434,80,1
-0.098654057465628,-0.02962344939065324,-0.0365348133481421,-0.05396998100786529,434,80,1
-0.09912421964018946,-0.03063499170465302,-0.034969893867682775,-0.05547185272890931,434,80,1
-0.09942845631142701,-0.03127175827210417,-0.03497525401719184,-0.05618740943314305,434,80,1
-0.09875613075636591,-0.03084123118453055,-0.03185046785041722,-0.055600652655080976,434,80,1
-0.09848877832483428,-0.030854983163540746,-0.031046573769737247,-0.05562061767783379,434,80,1
-0.093267112285259,-0.03203039069061838,-0.031110877804940484,-0.05535437659758145,434,80,1
-0.09310777501894808,-0.031734631647307235,-0.031051498237682926,-0.05531614582775356,434,80,1
-0.09222303799800688,-0.03080704717237564,-0.030614319756853754,-0.05340893735401319,434,80,1
-0.09147463783072209,-0.03154467692165041,-0.03052214739892227,-0.05356343734070239,434,80,1
-0.09193211060022488,-0.031021508112908117,-0.027682657531686965,-0.053296042666162426,434,80,1
-0.09202384567491818,-0.03058221380015803,-0.027328533730699378,-0.053203820644016867,434,80,1
-0.08206895381587452,-0.02943273722668977,-0.024591324874594277,-0.051930416588427404,434,80,1
-0.08185668710546007,-0.029747946693214893,-0.024493181257310027,-0.051962091867938896,434,80,1
-0.08346592456253892,-0.030411693789397867,-0.02413116618998894,-0.05218014692072847,434,80,1
-0.08421594347318183,-0.030438921163888244,-0.024131572111555095,-0.0522599734228113,434,80,1
-0.08776165126188204,-0.029888104299733216,-0.026082108529664912,-0.05126638014737468,434,80,1
-0.08762704374723838,-0.029547685037041763,-0.025523313230589564,-0.05088999287833593,434,80,1
-0.08915036661026488,-0.0295,-0.027736211320234475,-0.050512716753051995,434,80,1
-0.08923693981872118,-0.02922631481590117,-0.027947184659959674,-0.04987611987205112,434,80,1
-0.08503677526004397,-0.029447843764505235,-0.026960972185738865,-0.049647638651445405,434,80,1
-0.08504935607551822,-0.02950958639259033,-0.02698711155910585,-0.04972517295150466,434,80,1
-0.0863405489362708,-0.029596887263113315,-0.027887986618824967,-0.04972325788437134,434,80,1
-0.08646732316085085,-0.029598359347371306,-0.02829387885644186,-0.04979081509718562,434,80,1
-0.08850324086776948,-0.02726354709716264,-0.03152519124926483,-0.047573524957596314,434,80,1
-0.08914911831320124,-0.02660462952976662,-0.03281363789332857,-0.04698473484819773,434,80,1
-0.08891945246308983,-0.026778542460297587,-0.03298841882373317,-0.046755866211485704,434,80,1
-0.08893248478638031,-0.026757993330277546,-0.033089918997437705,-0.046701760939340184,434,80,1
-0.08874927427817066,-0.027049851539654758,-0.03286948942651553,-0.04592362108914824,434,80,1
-0.08868684460855857,-0.026909419646170142,-0.03271113900382011,-0.04565677086534655,434,80,1
-0.08036609998695392,-0.028158275938080186,-0.02967439832125762,-0.04669141458191187,434,80,1
-0.07936069473167812,-0.028662463741046793,-0.029915594239430132,-0.04658227889079067,434,80,1
-0.08121439565220834,-0.028287348658684864,-0.030905704467945785,-0.04658350615027097,434,80,1
-0.08237267620827629,-0.02824849955032932,-0.03130151895293344,-0.046640009664691104,434,80,1
-0.08535016639731553,-0.026536401876263046,-0.029291531746882364,-0.04577069103829502,434,80,1
-0.086291346074225,-0.026256725188693545,-0.029037885773789816,-0.04554706979334737,434,80,1
-0.08988880451444073,-0.025526407163484748,-0.030249393127466308,-0.04373862792525548,434,80,1
-0.09060876020786976,-0.025284601828221637,-0.030409291963337252,-0.04327406427853307,434,80,1
-0.0897551915189166,-0.025568471038575263,-0.03131194853919574,-0.04339099718342905,434,80,1
-0.0925617273127314,-0.02563656026126452,-0.03202808419172182,-0.0436504667839554,434,80,1
-0.094974098587129,-0.026473304261998242,-0.03332115136959997,-0.04562248746998036,434,80,1
-0.09657740301931646,-0.026848921092208634,-0.03524950594766064,-0.0461724946896853,434,80,1
-0.10482989067819612,-0.027772884994182675,-0.03729031309207704,-0.05036422150896752,434,80,1
-0.08670440160910324,-0.025753028330487402,-0.023650310359762828,-0.046812318479772005,434,80,1
-0.08179732343741833,-0.028091454574447283,-0.012910190587781699,-0.047671845373926124,434,80,1
-0.08100268610854632,-0.02831178697795317,-0.011944301553253395,-0.04783678914328893,434,80,1
-0.08062202669694293,-0.028552108871302096,-0.011036255402500842,-0.04797048268988704,434,80,1
-0.07351715260839553,-0.028916482193658128,-0.0101740450378182,-0.04794830827878275,434,80,1
-0.07328099172622474,-0.029394661201144815,-0.008282601782028118,-0.04817528123804071,434,80,1
-0.0740970196300201,-0.031961867608971066,-0.005446431458784322,-0.05139971326628508,434,80,1
-0.0751967757230913,-0.0318948836054095,-0.006336529484439654,-0.05137827278470545,434,80,1
-0.0810641496452758,-0.031125578548579794,-0.00588531804757547,-0.0513460664378971,434,80,1
-0.08194405799142018,-0.031043389641867206,-0.0063326497380756935,-0.051309248364921324,434,80,1
-0.08356818647315138,-0.03117484983221055,-0.007315133331609835,-0.051545459052151896,434,80,1
-0.08369765802826658,-0.031209177042661507,-0.00763769370122741,-0.05154923263114634,434,80,1
-0.08453476963135592,-0.03103393265233422,-0.00819925782579985,-0.05147050267001714,434,80,1
-0.08401216310654445,-0.030806826465465266,-0.009276745640676017,-0.05101402670553843,434,80,1
-0.08405527578766972,-0.030742499258125895,-0.009386625103334652,-0.05085573677321596,434,80,1
-0.0822476341046215,-0.030822960908575697,-0.01005001911387061,-0.05092861104081713,434,80,1
-0.08255085713775259,-0.030852325320428718,-0.01028564412631934,-0.05101109533892392,434,80,1
-0.07162543196456467,-0.03126943875596449,-0.0004667932840735546,-0.04481426917473182,768,80,2
-0.07113955896090449,-0.03171060308167595,-0.0009049205596652227,-0.0498688622897088,768,80,2
-0.07078093500467347,-0.0321294387944722,0.002522907560303953,-0.05308412929685352,768,80,2
-0.060273521182923506,-0.03959371762688803,0.016411317727480987,-0.0603072942716397,768,80,2
-0.06071864953109999,-0.04154460893645016,0.020443252381274396,-0.06301073730514588,768,80,2
-0.048062329141607664,-0.05009246096834898,0.022909344512480268,-0.06276998403241588,768,80,2
-0.04761840494228895,-0.05188965205306542,0.022765382082012675,-0.06334244667975193,768,80,2
-0.07083166484031644,-0.05225108681838608,0.028744086907342207,-0.07468547959118109,768,80,2
-0.07745577692113724,-0.05238054064440179,0.02639039385080744,-0.07749928252872845,768,80,2
-0.06281089974193792,-0.05509848136244965,0.025140966869116464,-0.07297768119691682,768,80,2
-0.06147062795734148,-0.05568394485898815,0.025899894988649187,-0.07120477649140104,768,80,2
-0.05922428853879664,-0.05156564831133268,0.018230657978127385,-0.06484429421865395,768,80,2
-0.059784335781297146,-0.05128279574325196,0.018918942315599534,-0.06492248942791742,768,80,2
-0.06825831561497668,-0.05274993925965365,0.02180541705998148,-0.06452071544950745,768,80,2
-0.0683903838187875,-0.05385095127976296,0.023180177174681772,-0.06542703178222221,768,80,2
-0.06982426289097698,-0.05365554958668907,0.023396984400270895,-0.06689715178866475,768,80,2
-0.06498265234180023,-0.05357149833923011,0.024247978366375253,-0.0663533130020128,768,80,2
-0.0624865408423184,-0.05143099898967336,0.019709963048177622,-0.06631958969532196,768,80,2
-0.062132711567210425,-0.05130489646752005,0.01994375771749747,-0.06641492536662201,768,80,2
-0.060201367803659436,-0.051724029677999134,0.019146102310491506,-0.06615205694095053,768,80,2
-0.06013447743629516,-0.05158977876865076,0.020306539039169038,-0.06590465267827898,768,80,2
-0.06076559484411226,-0.04979629333523671,0.020454942452884317,-0.06367533809064815,768,80,2
-0.06106502829471772,-0.04965363158813796,0.0203526197412705,-0.06310814074599645,768,80,2
-0.06882456824438096,-0.04474178924851612,0.025236488082202958,-0.06003206490701499,768,80,2
-0.06631436330054209,-0.04311786742014159,0.022630134636822802,-0.05817398807992413,768,80,2
-0.060673918269853994,-0.04106507129090435,0.019672030535831414,-0.057743460260889896,768,80,2
-0.06046641869596767,-0.04118468779973823,0.020221196448182543,-0.05805188912587331,768,80,2
-0.06772111254455954,-0.04173696369674921,0.016858939137671277,-0.059932130272887886,768,80,2
-0.06797963225933965,-0.0417513982141462,0.015287727486036599,-0.05943486492320255,768,80,2
-0.0672204305581224,-0.04263078797119182,0.010318527913361662,-0.0589252618812744,768,80,2
-0.06710503809538065,-0.042900093329951074,0.00919869535965653,-0.0587557829707968,768,80,2
-0.060352301103389086,-0.042536959646086434,0.008782323563106022,-0.05377119792122195,768,80,2
-0.05845103004427872,-0.04219992452199687,0.008853302666264523,-0.05315534058262473,768,80,2
-0.05764674666522726,-0.04299177922326999,0.007386272209275487,-0.05462732962277421,768,80,2
-0.056412727366591524,-0.04318952808705158,0.006901803573063406,-0.054657668327450254,768,80,2
-0.05735703980164018,-0.04569352650994782,0.002940882583673273,-0.05504470957907555,768,80,2
-0.05566021151621631,-0.04566803285538844,0.002848372373828674,-0.05504645957028903,768,80,2
-0.049815856877414834,-0.042094715638203654,0.004301999974581979,-0.05478494236463805,768,80,2
-0.04806801737029256,-0.041719266053991545,0.004360446959311429,-0.05476707195070955,768,80,2
-0.05144841264154653,-0.04150473040557345,0.005487183233235859,-0.05547056214223611,768,80,2
-0.052819629344983146,-0.04148695279899771,0.005559643070003689,-0.055935723805884116,768,80,2
-0.06643243622675342,-0.04136450977963924,0.00531868978153231,-0.05823699788851927,768,80,2
-0.06794459726296305,-0.04124051225274767,0.005325317295613397,-0.058177088679798185,768,80,2
-0.06490455581723718,-0.04136110562504759,0.0056798466183865335,-0.05799403092008811,768,80,2
-0.06453727719787455,-0.041231235051215474,0.006235626978855047,-0.05807240771871581,768,80,2
-0.06427637453756814,-0.04168187223224494,0.006372366158752377,-0.05809314067901072,768,80,2
-0.06402993389437141,-0.041695654623268685,0.00634181675347852,-0.05789229438801893,768,80,2
-0.06499257142209108,-0.04196454697016136,0.00435213442756018,-0.05803877231542848,768,80,2
-0.06474261268663059,-0.042012748958834605,0.0028822006274684,-0.05776552256155311,768,80,2
-0.06370357488032868,-0.04319409955153669,0.011006158564889129,-0.0579142453258168,768,80,2
-0.06346969206279797,-0.043736432121412774,0.010223657323637348,-0.05776319491794282,768,80,2
-0.06264430330482955,-0.04388023295554059,0.012551566332319077,-0.0580069367131058,768,80,2
-0.06051711883334851,-0.04358670513712453,0.011764192864268804,-0.05761694528762253,768,80,2
-0.054871096320691974,-0.041717029769551085,0.015568895943532904,-0.056643823174503144,768,80,2
-0.049005655093927986,-0.04258730471975073,0.01457385891981025,-0.05656407986015033,768,80,2
-0.059407507799460024,-0.0399196699623885,0.01652486022396286,-0.05399363937192306,768,80,2
-0.061834453017478655,-0.04003813652513266,0.018475080246775077,-0.054349659938510604,768,80,2
-0.05185117072089225,-0.04233690430561977,0.030253185704955474,-0.05275045727043722,768,80,2
-0.05350252768616622,-0.0424663918594541,0.028037254517251538,-0.05259062414974611,768,80,2
-0.05332301526934616,-0.04158164773363814,0.02583707688954378,-0.05061126735105116,768,80,2
-0.05193662081023696,-0.04150985098492934,0.023273393886325357,-0.050002393889517605,768,80,2
-0.04186616184756597,-0.032003973885892704,0.024193917967854528,-0.03433352445938255,768,80,2
-0.04413326078156831,-0.021572039699971703,0.004677257047255789,-0.025926692811323454,768,80,2
-0.045697511207364525,-0.021767782739164698,0.0053483655612891175,-0.02649176277710033,768,80,2
-0.0453360660278066,-0.02555907605384188,0.0007849428002694742,-0.02926355739084846,768,80,2
-0.04521961046789992,-0.026600204340348783,0.00024358994472461213,-0.030196367591764785,768,80,2
-0.05014491216908776,-0.02666190621355085,0.0004305987740640885,-0.032338884986775854,768,80,2
-0.05326873038425066,-0.02666847713892435,0.0004720998279012901,-0.03262127461741529,768,80,2
-0.06120063511554064,-0.026698551039338003,-0.00012145925509142664,-0.034062884750738424,768,80,2
-0.060581353856879086,-0.026698039189812357,-0.0003509456438942047,-0.03400924786392153,768,80,2
-0.05734068884207357,-0.02519300236843422,-0.0007402226978867185,-0.030820059155742843,768,80,2
-0.0570522835596573,-0.024996769157247935,-0.0009988150703203033,-0.030163543043139104,768,80,2
-0.0562590594574836,-0.02464408441095524,-0.0010543792560525468,-0.02960460002543164,768,80,2
-0.056339252207233216,-0.024290755627539098,-0.000990993692172649,-0.029445177939457043,768,80,2
-0.059129702827348925,-0.021923872152288384,-0.009365122612981377,-0.02514128127483125,768,80,2
-0.05898998964220364,-0.02236450728585468,-0.009832059233217975,-0.025917953203767385,768,80,2
-0.06195487140709967,-0.022444117696730263,-0.012848172128781232,-0.026787105297596422,768,80,2
-0.061965433833645146,-0.022696470829546737,-0.012869743777331083,-0.026972226609912848,768,80,2
-0.058802109299674936,-0.023497804826088608,-0.0127061516583433,-0.029416030140110617,768,80,2
-0.05798381243418497,-0.02370662535041724,-0.01300100017330847,-0.03021191563465068,768,80,2
-0.05113221193359289,-0.022281573612404595,-0.016935417001226593,-0.029837164901762987,768,80,2
-0.04938378370099527,-0.021845142664287928,-0.017664399402441282,-0.02941562743099301,768,80,2
-0.026578549210382153,-0.02209898872225904,-0.0052787048917236346,-0.022361111684110695,1102,80,3
-0.02758650577847026,-0.0229087657216591,-0.0011142877180827038,-0.0238647755541529,1102,80,3
-0.02801252004920835,-0.02298789001873874,-0.002932500112985994,-0.02359815195999885,1102,80,3
-0.028222317844588903,-0.023099453497388442,-0.0038361036361245853,-0.02361230186728819,1102,80,3
-0.0285723796515807,-0.023087017443849847,-0.004224676882542312,-0.02367851439213333,1102,80,3
-0.02840449993664694,-0.021395314781619275,-0.004387880323663517,-0.02349160546985523,1102,80,3
-0.02860494171059872,-0.021311438775340894,-0.002105056511790837,-0.023488383744399433,1102,80,3
-0.027509042766722232,-0.021027734617936413,-0.002747787036024758,-0.02310173857116729,1102,80,3
-0.026623749946020635,-0.021580818483915208,-0.003106691650574793,-0.023180262576506398,1102,80,3
-0.025872703616966107,-0.02217689305230308,-0.003368396726598204,-0.023636704797723004,1102,80,3
-0.024523342442291124,-0.021840870709404995,-0.0031610147649025976,-0.022954893200944043,1102,80,3
-0.024030326566563343,-0.020760183991720985,-0.003185427408607543,-0.02249187098727524,1102,80,3
-0.02351854171723959,-0.019727445255398376,-0.0042457976494752955,-0.02182751950027129,1102,80,3
-0.023283642274259532,-0.019328796564582827,-0.00469781038831838,-0.021524872885710974,1102,80,3
-0.028824083165575463,-0.01958836757805321,-0.004081888116229723,-0.022811515058380104,1102,80,3
-0.03144112512708377,-0.020120276359391634,-0.0033557648256546243,-0.0244603715958261,1102,80,3
-0.0354884948369538,-0.022441023101864133,-0.0011909551125101059,-0.025427667651641925,1102,80,3
-0.03594460028561096,-0.022708068758717698,-0.0006238658029837845,-0.025833599702619732,1102,80,3
-0.04141225906072682,-0.022449624027402675,-0.0015184319749019014,-0.025551641802019295,1102,80,3
-0.04211836733424085,-0.022205359744570816,-0.001248022499559794,-0.0249167099298117,1102,80,3
-0.041399553967541095,-0.020812530419558623,-0.001464376059139917,-0.023659650760125144,1102,80,3
-0.04146883672465415,-0.020453889727234036,-0.000771973077182974,-0.023429638851746742,1102,80,3
-0.03894647136600262,-0.019791959342203316,0.0060485233355726245,-0.024313722496998202,1102,80,3
-0.036868661869435285,-0.019748258786502965,0.0056288429346853346,-0.024133198387553397,1102,80,3
-0.03620608711436164,-0.01910793832154717,0.006034042441289859,-0.02377807581012354,1102,80,3
-0.03547003189582869,-0.018564009502984452,0.005623085404961049,-0.023414177124613415,1102,80,3
-0.031750462767913525,-0.016802724381920656,0.004825466475913367,-0.02184310434602377,1102,80,3
-0.031013168198491915,-0.015725435848822928,0.004357818814520707,-0.02038541492800062,1102,80,3
-0.028077007223953076,-0.013464782001304033,1.768555090528933e-05,-0.01678140252517161,1102,80,3
-0.027646056162208055,-0.013681295438427691,-0.00077967492003231,-0.01678631655758391,1102,80,3
-0.0304903302616169,-0.013970021461920062,-0.0024886836477949104,-0.01732229417845009,1102,80,3
-0.03144573396868889,-0.014115776544140176,-0.002703557825309195,-0.017517300336271673,1102,80,3
-0.03277812239067504,-0.015588498484334374,-0.0007879099171885106,-0.0184692905968502,1102,80,3
-0.03337599306435341,-0.01581900232994416,-0.0004515117417422173,-0.018690108175957558,1102,80,3
-0.037069853234711674,-0.016745911187450096,-0.007203648769511568,-0.019704812280197655,1102,80,3
-0.03704147659456228,-0.016894497719134552,-0.009587926509187104,-0.019989753684635198,1102,80,3
-0.03388944242182224,-0.01778401729405998,-0.007980910603784325,-0.02229810923690867,1102,80,3
-0.03078650009856384,-0.019245775790835893,-0.007202132708599759,-0.02335290672429326,1102,80,3
-0.02716698831100718,-0.018645192161853598,-0.008955035446237512,-0.020192184354771055,1102,80,3
-0.02606476535225251,-0.018528316456290946,-0.009192172421664247,-0.01940976002941339,1102,80,3
-0.025248373395756394,-0.018374060198412687,-0.010116720119195682,-0.018848051718477362,1102,80,3
-0.025329474639755694,-0.01827945337673209,-0.010128106688220595,-0.018971256819559506,1102,80,3
-0.025434429195353887,-0.018167340220055752,-0.010835646916125893,-0.018943471151836193,1102,80,3
-0.02543285718363521,-0.0188616549294335,-0.010953609549228105,-0.01928721226949757,1102,80,3
-0.025362177981109728,-0.018858152760920312,-0.010960086169092699,-0.02003911357385466,1102,80,3
-0.024466085820304743,-0.018656550344271227,-0.010804164101754707,-0.019180128028238153,1102,80,3
-0.026704990174048576,-0.018662720969023938,-0.008837739371859521,-0.01904088593603818,1102,80,3
-0.02721775604185557,-0.018775679260324564,-0.008600188344468667,-0.01940382509023155,1102,80,3
-0.0267649840914954,-0.018375858383597846,-0.011817539915410602,-0.01837579460649666,1102,80,3
-0.026692864449002058,-0.018370734114693647,-0.011677673195313676,-0.018238545464809894,1102,80,3
-0.026763076412524813,-0.018530726125375388,-0.011517637043641747,-0.018535639214231046,1102,80,3
-0.02749479449806653,-0.01846435128675924,-0.011690015083564967,-0.018507937789122495,1102,80,3
-0.027421209911787963,-0.017923833680772872,-0.012011755017681343,-0.01817910254961129,1102,80,3
-0.03000209709983448,-0.016928787012783702,-0.011632044541424243,-0.017088954611408778,1102,80,3
-0.031454841478450034,-0.01681843349463743,-0.01079272167404288,-0.017629361423983213,1102,80,3
-0.030339022437966382,-0.016129463709365268,-0.010046153193021372,-0.017625799291226228,1102,80,3
-0.03021913693886792,-0.01613145940981545,-0.009559020494806803,-0.01769139015946059,1102,80,3
-0.032356834371549126,-0.015987574528507513,-0.009740560026033289,-0.01766032515885692,1102,80,3
-0.03283655622613661,-0.01606730141249712,-0.009356606209008841,-0.01775837140883765,1102,80,3
-0.033844855343321434,-0.016649580858650734,-0.005141630235666025,-0.018031255633335262,1102,80,3
-0.0341122839995615,-0.016778216432077667,-0.0037509913327046025,-0.01815753700051733,1102,80,3
-0.0343126897883079,-0.017122486737809767,-0.0030457369868599053,-0.019723413718574292,1102,80,3
-0.03441232573223699,-0.017231749876731078,-0.0026251330934703486,-0.020376143594608265,1102,80,3
-0.034707680059048666,-0.017284746036813806,-0.0008066106674892915,-0.02044725170804215,1102,80,3
-0.034861344921093926,-0.0172879850232616,0.0005120693375311877,-0.020468135713062694,1102,80,3
-0.03482239385040826,-0.016894947587294522,0.0018899641595226955,-0.01987833501467565,1102,80,3
-0.03482206111526576,-0.01687487400022868,0.00253042177077861,-0.01978168353242518,1102,80,3
-0.035518118096801256,-0.01711481676738788,0.002712467113380521,-0.020905482508024473,1102,80,3
-0.03512802783265684,-0.01735509755404493,0.002627193263076172,-0.021140938574923794,1102,80,3
-0.034778909532887176,-0.01665588007666636,0.004528813765983984,-0.01971092245710812,1102,80,3
-0.03449125739458256,-0.016279119293465136,0.004526371737895823,-0.01957821682965968,1102,80,3
-0.034661878120426017,-0.016077163409140834,0.006743790432560322,-0.019064860789028346,1102,80,3
-0.03437069039289911,-0.015955510721667322,0.007349621577690484,-0.01877640067049303,1102,80,3
-0.03382861494703958,-0.015952678846656784,0.006210661001546967,-0.01872462878371155,1102,80,3
-0.033142397442231436,-0.0157446060007195,0.005195277828884231,-0.018418357753592088,1102,80,3
-0.033211337813983555,-0.01615898505805194,0.006197774056730197,-0.019797716113725935,1102,80,3
-0.03308696807560075,-0.016636181815073568,0.006676144141440157,-0.01990142953037828,1102,80,3
-0.03426789259339676,-0.017012557578672066,0.009232238740659633,-0.020049491160773154,1102,80,3
-0.034038271055837524,-0.017287318732334057,0.010133401329157202,-0.02010753863215088,1102,80,3
-0.03398719829586936,-0.017481848020688476,0.011085961608473326,-0.02026431315998449,1102,80,3
-0.03449839207791851,-0.01758537436355746,0.011427701612493282,-0.020289416802816856,1102,80,3
-0.036052468495035586,-0.01775802592878876,0.012615218387595111,-0.020533532837809162,1102,80,3
-0.036050857735347275,-0.017845065408917355,0.012580743267479846,-0.020514877575372823,1102,80,3
-0.03606506060626405,-0.017927367685247705,0.01230415654343611,-0.020576481106390772,1102,80,3
-0.03673045504563383,-0.018237452262282735,0.01264916756826511,-0.02126904460090087,1102,80,3
-0.03706453076538976,-0.018250343403036034,0.012685881951718363,-0.02133447551473819,1102,80,3
-0.03722348075328135,-0.018316850404143017,0.012752398256326418,-0.021433132810285666,1102,80,3
-0.0366919445864888,-0.018385321709324515,0.013199875292974995,-0.02148144074953361,1102,80,3
-0.02971563159411837,-0.01799191035947917,0.04741258149438871,-0.019214087308184045,1436,80,4
-0.02818041994971801,-0.01872728748483302,0.0482925203730228,-0.019325037915553327,1436,80,4
-0.027988393331612987,-0.019171303201084414,0.04773205208970752,-0.019626025964474613,1436,80,4
-0.027566597073805685,-0.020612921623614187,0.04457502143354467,-0.020088494594516008,1436,80,4
-0.027318699106624326,-0.021442097394012226,0.043700483062574014,-0.02026902543914588,1436,80,4
-0.02245347531900393,-0.02167061452744126,0.042765684113280446,-0.020557561901065058,1436,80,4
-0.02186371142864979,-0.02148769820896779,0.042776967111908926,-0.020573941322622243,1436,80,4
-0.018903374627987683,-0.021652661497111435,0.04037762952247442,-0.02102065177257292,1436,80,4
-0.018409971817032002,-0.021681678186856606,0.040039961353829215,-0.021195299735445344,1436,80,4
-0.019220191890061335,-0.021945187207055152,0.03966923090927112,-0.021944300038635955,1436,80,4
-0.01988719608685657,-0.02209114370920076,0.04010851511908543,-0.02252487816325416,1436,80,4
-0.020015663447872725,-0.022178032271642854,0.04019843750474994,-0.024161179561321633,1436,80,4
-0.02011860811463099,-0.022248696226751432,0.04024528282715309,-0.025453986608004527,1436,80,4
-0.019967184802269295,-0.020789465437963197,0.039872832534388225,-0.024977494731836965,1436,80,4
-0.020274859432888023,-0.020563612678668828,0.039545609232066396,-0.024736818045601423,1436,80,4
-0.018542564245787492,-0.02200153812033109,0.0369665996851148,-0.025366035373170774,1436,80,4
-0.018098799889507713,-0.022425287037635664,0.036223989231209515,-0.025615326820410494,1436,80,4
-0.01750023171749042,-0.022828137712278585,0.03791405258238268,-0.0269918403833669,1436,80,4
-0.01749758411779751,-0.022994147766951377,0.03858851860483182,-0.027578121486424054,1436,80,4
-0.01692148753939813,-0.023599567789157377,0.04128295134573138,-0.0280263253306752,1436,80,4
-0.016893767393509118,-0.023721846170347328,0.04237765949303211,-0.028110375658972488,1436,80,4
-0.021202585315408865,-0.025098655635987975,0.04435740491641524,-0.02948082443279731,1436,80,4
-0.021792227422688683,-0.024992064895199367,0.042830559751781676,-0.02943272554776068,1436,80,4
-0.023695010328288524,-0.024026693857342813,0.035123147244390966,-0.0287889443809456,1436,80,4
-0.02375174698804544,-0.0239084136185185,0.03191027149851526,-0.028256530178672034,1436,80,4
-0.024785157856031713,-0.024736906614453963,0.029967337357273402,-0.02887130837185407,1436,80,4
-0.02659419611138777,-0.025052381339255005,0.029657497484750342,-0.029103428290385317,1436,80,4
-0.028548585198399794,-0.025762398502234638,0.0302210880531543,-0.029688646073189127,1436,80,4
-0.027497986795039935,-0.026242204683120305,0.030685199514668568,-0.030355443478936588,1436,80,4
-0.02609578270192995,-0.02660861654428488,0.027418568298759598,-0.030674098375404586,1436,80,4
-0.025283253110724196,-0.02663305863534023,0.026505020737942076,-0.030631304022618933,1436,80,4
-0.026200490957158436,-0.0270574598443449,0.027308167349603642,-0.031103343579935893,1436,80,4
-0.030482920716139325,-0.027255458662880705,0.035214579539542525,-0.03405301890933885,1436,80,4
-0.03355061746807021,-0.025885707302320763,0.03637249313052085,-0.03171693224628192,1436,80,4
-0.034424365923289776,-0.025961820927634188,0.036690433006233536,-0.031517927796612846,1436,80,4
-0.034469714606166886,-0.025949441742223273,0.034241732621756116,-0.03114083360289582,1436,80,4
-0.034912968986666196,-0.025957941217855,0.033016165151997394,-0.03104779776618934,1436,80,4
-0.03371150285435823,-0.025555950020437913,0.03157215822690927,-0.027721506036423538,1436,80,4
-0.0316281365217458,-0.025078751823604174,0.030379157850403,-0.02491731932090514,1436,80,4
-0.03081795853559684,-0.023031340191692617,0.02934362856907821,-0.0240161148925841,1436,80,4
-0.03041009701792246,-0.02268215865782445,0.02911129876303544,-0.023624184900883975,1436,80,4
-0.03041771649145472,-0.02192934006876132,0.02727493949080848,-0.02347128188987817,1436,80,4
-0.030427694950896044,-0.02210890739370167,0.02578217022993105,-0.023506605486083475,1436,80,4
-0.030397809554546365,-0.022182811581969608,0.026162374622619503,-0.023458149668570877,1436,80,4
-0.030173047429633823,-0.022207279319914033,0.026131576955106744,-0.023444923915511964,1436,80,4
-0.029293437733035433,-0.02165019885657489,0.021641672032993695,-0.021617498329541764,1436,80,4
-0.02921268525486999,-0.021185548294332,0.020299023007126958,-0.020998987577382514,1436,80,4
-0.029686271825853205,-0.02083335925785396,0.01972524833401353,-0.021254707347296276,1436,80,4
-0.029770183249792834,-0.020841617377253353,0.019966893099028743,-0.02146306259021088,1436,80,4
-0.030201333931261,-0.02086511119118059,0.02221402363011414,-0.02178845950024478,1436,80,4
-0.030370583088323334,-0.02083791214487429,0.022911986332835855,-0.021830204472321053,1436,80,4
-0.027709429872773597,-0.019690248892360457,0.019322033898304333,-0.02034458899820187,1436,80,4
-0.02705257633612474,-0.0194412746342514,0.018625597395095547,-0.019997990166968013,1436,80,4
-0.023489828906665566,-0.018616844921166734,0.018202059307323524,-0.019622844033269995,1436,80,4
-0.0224666450462809,-0.018499269795563798,0.01821474185845681,-0.019551312793744224,1436,80,4
-0.020379259614599667,-0.01836246566306889,0.014245736455238082,-0.01920419888364956,1436,80,4
-0.01969288862740781,-0.018284303943271973,0.013553300671047062,-0.01916109479567189,1436,80,4
-0.01697946856408115,-0.0201349468522741,0.01213359471370975,-0.019907978494666696,1436,80,4
-0.015745933870126728,-0.020359769744882555,0.01198620455701928,-0.020018940464748308,1436,80,4
-0.01913932290589704,-0.020587329092879567,0.015254868957666453,-0.022905089884944003,1436,80,4
-0.01966070665266967,-0.020638777460592825,0.0165378886896262,-0.02348754268113519,1436,80,4
-0.020382489898434587,-0.02092077577130627,0.018223383011884645,-0.02383809419442802,1436,80,4
-0.02038653791009163,-0.021041839010271124,0.020134294901053115,-0.02405004615119353,1436,80,4
-0.020987558849549504,-0.021142686570858025,0.023033187660432976,-0.024131109666439825,1436,80,4
-0.021158381586341996,-0.02117421097951479,0.02342407588860961,-0.02418518338191968,1436,80,4
-0.02341675461829832,-0.02124688001575634,0.024427125540976636,-0.0243583593066169,1436,80,4
-0.023781556743505215,-0.021217121116762206,0.024572905298773585,-0.02439429837194905,1436,80,4
-0.024786752938102573,-0.021502306636803404,0.02592038384906312,-0.02577074777375695,1436,80,4
-0.025018830533464428,-0.021556285471920164,0.02639750889571069,-0.0260429516168888,1436,80,4
-0.025966832517886274,-0.02147455682095959,0.026040544112563794,-0.026016398609219008,1436,80,4
-0.025907009565139,-0.021445661285693116,0.026019239019707954,-0.025966983385961546,1436,80,4
-0.02104257666027777,-0.022113552654891323,0.028809815601220583,-0.026224710820857162,1436,80,4
-0.018788169753499773,-0.022119881992657273,0.02886160369771617,-0.025971544154082732,1436,80,4
-0.017503293972447768,-0.02233422770939619,0.0255787577150795,-0.02441206129049275,1436,80,4
-0.01674291467352464,-0.022408098112144365,0.02506757400697208,-0.02448424760170591,1436,80,4
-0.017847495799968496,-0.021909648951532124,0.03587061122498102,-0.024460024815232392,1436,80,4
-0.018298792759691006,-0.021800666963976856,0.03741585008196392,-0.024473948609060138,1436,80,4
0.004820677405382582,-0.0342524906319681,0.047555779035503,-0.0357612610505632,100,256,5
0.002820563557277401,-0.03304288760907604,0.05593299923040361,-0.031435127075164424,100,256,5
0.004734898190406869,-0.036079078101059064,0.060947141722792954,-0.03499100272488946,100,256,5
0.015026089517784882,-0.03465028173025891,0.0593285049448652,-0.02768917118157692,100,256,5
0.020653484953726493,-0.03472215748710024,0.05682954392663315,-0.026409262590827418,100,256,5
0.018002506873343642,-0.03702052117086585,0.04875176230254974,-0.024025518620464544,100,256,5
0.011160369054867498,-0.039570582947213474,0.05798670953500276,-0.022976194622561636,100,256,5
-0.00868343138097536,-0.04514013823765712,0.0506445884036294,-0.02335061547833802,100,256,5
-0.016879759113711448,-0.04641043536721222,0.04132332859763668,-0.03514123183308297,100,256,5
-0.015284029008624515,-0.045491731082453156,0.03605477375832415,-0.03316074394687446,100,256,5
-0.009562949575255086,-0.041835544058876746,0.028660122540998076,-0.029798059861878532,100,256,5
-0.008686566907908155,-0.041412419192829945,0.030014211263582963,-0.029847322040326578,100,256,5
-0.013424023062577704,-0.0385792650852896,0.044516077664664463,-0.025869901293599708,100,256,5
-0.015194891916925838,-0.037902881119388096,0.04711862095060512,-0.025713800173349524,100,256,5
-0.024626668130440454,-0.037010302326786454,0.04455688156842076,-0.02581670337859311,100,256,5
-0.02862177971568848,-0.037302593230783596,0.0439738549771005,-0.027297196884428405,100,256,5
-0.03664453043325037,-0.03224523529511879,0.03400381772283379,-0.023513756571601745,100,256,5
-0.039532272536446436,-0.029298847830799737,0.018303671054049207,-0.02117863880455295,100,256,5
-0.051076142540946834,-0.03135941665420461,0.021903677637480967,-0.029079178310218928,100,256,5
-0.048068950880227716,-0.03299227691180651,0.024386632894138713,-0.03012327188070491,100,256,5
-0.047479709380861344,-0.03737914438865714,0.014714477804826239,-0.03936791315888669,100,256,5
-0.04787572190652271,-0.03805841468141175,0.011379460791442326,-0.04090918251572882,100,256,5
-0.060712043256526196,-0.036777533348089246,0.006272837077982045,-0.036058241732028845,100,256,5
-0.06026508218957868,-0.03709108957240029,0.002994834181329101,-0.0359270903834473,100,256,5
-0.0673244407371493,-0.040270835257657296,0.011387369198330872,-0.04002974262276151,100,256,5
-0.06840630782227054,-0.04116056727822901,0.011058802109410262,-0.041258147090889576,100,256,5
-0.06923630103156837,-0.03878125396892616,0.004750108728542251,-0.034831039640095166,100,256,5
-0.06759071826448824,-0.03896183240589362,0.0011754517148828264,-0.034627585510829326,100,256,5
-0.02709808158745367,-0.03522157687324289,-0.01956520593150201,-0.033096115424962706,100,256,5
-0.027603289663970663,-0.035631430730286774,-0.027855600639991127,-0.03274072482927455,100,256,5
-0.03706799244957382,-0.034493393377092285,-0.0247403997429943,-0.0315690368455748,100,256,5
-0.03937998101456613,-0.03494328465934329,-0.02279940388231683,-0.031395601272360775,100,256,5
-0.05904270997253955,-0.03366147188665834,-0.006162056140095405,-0.03062697249333571,100,256,5
-0.05965430950665366,-0.033912690286139316,-0.0025304967932076347,-0.031424418208162316,100,256,5
-0.055249659298434804,-0.033617937649142934,0.00888977428385584,-0.032291253827902544,100,256,5
-0.0532059218375035,-0.033702445304991745,0.009956028794556657,-0.03389195195290118,100,256,5
-0.05197758040720606,-0.03216679392551095,0.0011132998384284429,-0.0336209068076444,100,256,5
-0.052016666932987884,-0.032292182664031374,0.0003131958956467696,-0.03394082506917381,100,256,5
-0.06526844676168321,-0.032287337874069275,-0.008842595519589413,-0.03483145771427367,100,256,5
-0.06933017028333047,-0.03225549084691065,-0.011288497641205519,-0.03476797645209616,100,256,5
-0.07408307962204677,-0.03265343056426642,-0.0158208704507643,-0.03605567483293837,100,256,5
-0.07295068165755644,-0.033453286608953026,-0.016532575072923,-0.0361719815221257,100,256,5
-0.06702741532744345,-0.03362074870095982,-0.021184439440833727,-0.03361660834686415,100,256,5
-0.06598826075823637,-0.033289581094656046,-0.02591378013212311,-0.0325745895641601,100,256,5
-0.06167818358075531,-0.03263376322183676,-0.030947327112317333,-0.03209125906607117,100,256,5
-0.05982538029277896,-0.03242284843769522,-0.034351860339576906,-0.03194207636915474,100,256,5
-0.058502640083679704,-0.0322258179569319,-0.031221257967898392,-0.03188377748764854,100,256,5
-0.05893889537094048,-0.030833027438744814,-0.029394125922416414,-0.03161116323424666,100,256,5
-0.06429943238526412,-0.03184197062338999,-0.026381110499308448,-0.032303864199262435,100,256,5
-0.06505336602998871,-0.03204138773612179,-0.026807597458529182,-0.03278020314082799,100,256,5
-0.07054392332872263,-0.03250317005820408,-0.027043788045021524,-0.03319627947761056,100,256,5
-0.07130133787111574,-0.03263810158698156,-0.02777940315974175,-0.033531983276939646,100,256,5
-0.07483005247406599,-0.033569133133671436,-0.02843055199462568,-0.033574340545362076,100,256,5
-0.07579040838995556,-0.033789296515507806,-0.02867551036619192,-0.03378097280694826,100,256,5
-0.07553996360181721,-0.03168238852307228,-0.030004370930034427,-0.0323502797712719,100,256,5
-0.0756867959830667,-0.031204088811637387,-0.029977787649932967,-0.032164329081254696,100,256,5
-0.07400299140733506,-0.030577710090766975,-0.030638212635803002,-0.02982829866134233,100,256,5
-0.06958277592155696,-0.029967875622791924,-0.030340230308770467,-0.029206694229145878,100,256,5
-0.06970379538630118,-0.02867799462837168,-0.028868133453256513,-0.028221517725321554,100,256,5
-0.07008940201852229,-0.028491165481393608,-0.028692617415512354,-0.028143731301827464,100,256,5
-0.07472393983343072,-0.026628841828271282,-0.02670138033876029,-0.02852686011771045,100,256,5
-0.07680831651985096,-0.026376835377486904,-0.026351721726933494,-0.028608243883942654,100,256,5
-0.07253222524667144,-0.025309420005371827,-0.02728655722208762,-0.028444355122025325,100,256,5
-0.07058383730433807,-0.024831776890939156,-0.027351823592007208,-0.02831880246063396,100,256,5
-0.07104978255286125,-0.02372807240941007,-0.03055864294569695,-0.027910170441460762,100,256,5
-0.0714084851349429,-0.023814337602587027,-0.031025394068577534,-0.028144154101208255,100,256,5
-0.07172731519637798,-0.02397969453910974,-0.025321489394969875,-0.02849660655952486,100,256,5
-0.07189733959990863,-0.024086715366496574,-0.02406290471785384,-0.028804651777454345,100,256,5
-0.0719999999999998,-0.023181139958221426,-0.0249714850420794,-0.027757697980569426,100,256,5
-0.07195492152610544,-0.0231571100164564,-0.025104453729219982,-0.027649441855149424,100,256,5
-0.07260451069007474,-0.024196669129149806,-0.026538173831389754,-0.028444769832301663,100,256,5
-0.07258385407668408,-0.024457063257413803,-0.026826202746682692,-0.028614916528102816,100,256,5
-0.06609213522881524,-0.013288112195007439,-0.027397300401947204,-0.008243011949623489,434,256,6
-0.06470091579396814,-0.015757615492327872,-0.025882218712153803,-0.00898385612766899,434,256,6
-0.05911287465154898,-0.016023624232127276,-0.02872597571964434,-0.009640931829359215,434,256,6
-0.059124424110673,-0.016310541082506718,-0.02963985467054672,-0.013211352980645203,434,256,6
-0.05845483741169363,-0.016286900826843014,-0.03065378694166543,-0.013875230772100117,434,256,6
-0.055421213702726735,-0.016052664332985536,-0.031096910614612387,-0.014932081201963,434,256,6
-0.05098058383640572,-0.015771926984925723,-0.03202111054221253,-0.015139413738850707,434,256,6
-0.04894074214867165,-0.015016166653089994,-0.0339077777181127,-0.01515233034132037,434,256,6
-0.049194680688375035,-0.015085929677963059,-0.033217526730360686,-0.01630384155012872,434,256,6
-0.04515728743892144,-0.014332244951502354,-0.03228493322911329,-0.017307958742250537,434,256,6
-0.043032153058198894,-0.013818316982693707,-0.031756249418238625,-0.017608052622324993,434,256,6
-0.042018704607037397,-0.013143887458783761,-0.03097232337946065,-0.017396688571806925,434,256,6
-0.04148338877516167,-0.012824068150801973,-0.03219195102858974,-0.017831863721644723,434,256,6
-0.04166589414664281,-0.012862032185847675,-0.03249937877909308,-0.01827461070156509,434,256,6
-0.04112141257746102,-0.012923895383755601,-0.029232428873287898,-0.018497603831385483,434,256,6
-0.042410295533181354,-0.01177845768804291,-0.03058247291149363,-0.01758185676854808,434,256,6
-0.04252856026395699,-0.01172204454947734,-0.03162782107788247,-0.01743595250545728,434,256,6
-0.041613124271995525,-0.010716862417448642,-0.034015218435693585,-0.016843285239770623,434,256,6
-0.04187430366452033,-0.010611008777950124,-0.0341331812961165,-0.016699150161539156,434,256,6
-0.04865990810344656,-0.012725221469211507,-0.03302377736751459,-0.017486194919069005,434,256,6
-0.05012881093244082,-0.013431166476021505,-0.032491768308736436,-0.017520260440489314,434,256,6
-0.051444820890738645,-0.014071527150489925,-0.027749279959734058,-0.018112029048097122,434,256,6
-0.05215681034798181,-0.014593947453115149,-0.026901108375405176,-0.018403943561557144,434,256,6
-0.05375082260710411,-0.015759451077868,-0.021296826478197448,-0.020380567664600193,434,256,6
-0.05435067932499364,-0.016245833324469754,-0.019596660518071043,-0.020607048297842583,434,256,6
-0.057498625144798976,-0.01651251623499267,-0.022469885013122127,-0.021027647387552674,434,256,6
-0.05937443190818254,-0.016531564908909033,-0.023179862925002015,-0.02126535692285432,434,256,6
-0.05819570821012851,-0.01525072090193304,-0.025407406632712536,-0.020599841032452583,434,256,6
-0.05854102865616552,-0.014822398059066762,-0.0253346493121962,-0.020192242346428954,434,256,6
-0.05795083120696934,-0.014448689796904779,-0.018358515974079143,-0.019245628166112257,434,256,6
-0.05791643912172236,-0.014628837895211038,-0.017317498440782647,-0.019374150526895714,434,256,6
-0.058440640591034196,-0.01337445753879841,-0.021635103858710886,-0.01487264242862508,434,256,6
-0.05862616521063973,-0.012953355509637783,-0.023773916501905558,-0.013991953997857508,434,256,6
-0.05828469320664258,-0.012993965937771548,-0.025819872761609,-0.014844911971446715,434,256,6
-0.058229162248143826,-0.013068822905620756,-0.02590181172822907,-0.01522767135357983,434,256,6
-0.06082469962764367,-0.01382640816278875,-0.025879954652772052,-0.017204644970721914,434,256,6
-0.06297605319038986,-0.014200063094660351,-0.026067940706671146,-0.017440646836319178,434,256,6
-0.06304522902745233,-0.01426311294222906,-0.025485139310193562,-0.017475102196164254,434,256,6
-0.06337945972281839,-0.014508046963125564,-0.024974806695335597,-0.01757270699328679,434,256,6
-0.046868950076569424,-0.011803056682049961,-0.03164864325432738,-0.017037217820789183,434,256,6
-0.04457232182367135,-0.010891804635111321,-0.03346280257146953,-0.016734760319986577,434,256,6
-0.047216189618886156,-0.011909093388896428,-0.03546305573727052,-0.017793736492137106,434,256,6
-0.0483492560804301,-0.012036987422552858,-0.036328306005944055,-0.017928370691880167,434,256,6
-0.050203681033391026,-0.01119976571404469,-0.041611511361350814,-0.017534539609136812,434,256,6
-0.05082267982109368,-0.011227209616864763,-0.041526679402762834,-0.017616697879513185,434,256,6
-0.049819550567387634,-0.011767769333810877,-0.04038731711916601,-0.018518828934065992,434,256,6
-0.04978272472051566,-0.012034013558571045,-0.0389590896361033,-0.019208193610712628,434,256,6
-0.05025515793583888,-0.012444672454030789,-0.038002125197861315,-0.01909185029627963,434,256,6
-0.049241943662389785,-0.012806282977997031,-0.03766785059998849,-0.018931502798339796,434,256,6
-0.04991025083577396,-0.01334615995153897,-0.0355288461034634,-0.02024687204928867,434,256,6
-0.04998430529832946,-0.013635694903497898,-0.0334712896716195,-0.020511360956049808,434,256,6
-0.05914152565762935,-0.016652724995223227,-0.03129944047343388,-0.021003093581630404,434,256,6
-0.05994466941514832,-0.01806089230653311,-0.030790055370219564,-0.021528041982009,434,256,6
-0.06035669357792282,-0.01915964691582098,-0.029126542229823162,-0.023108584088139487,434,256,6
-0.06051949099733632,-0.01939136878064666,-0.02841405444378267,-0.02325928076191115,434,256,6
-0.060940110176450714,-0.02004684434223129,-0.02851515186410798,-0.024257900461564324,434,256,6
-0.060639839695506084,-0.020033290748034626,-0.028506067403499598,-0.024241823162377163,434,256,6
-0.05932726181135523,-0.020686217518045676,-0.02942851791747324,-0.023860441562219326,434,256,6
-0.05894119857422202,-0.020797355907266227,-0.02861736199830287,-0.023890508940277517,434,256,6
-0.055718222728699446,-0.01988082036688344,-0.030657056689503595,-0.0233114076911953,434,256,6
-0.05521398901005393,-0.019882459680721547,-0.030984648483615363,-0.023281106164720688,434,256,6
-0.056458897064640995,-0.019191444470817644,-0.031328096415755596,-0.022636232019281475,434,256,6
-0.05677306404408449,-0.01878693279194222,-0.032860021851598656,-0.021397631974633496,434,256,6
-0.04869019092382596,-0.017026014736110522,-0.03873111555071907,-0.019249148755776938,434,256,6
-0.04588158562673542,-0.0167405072308522,-0.04235851439857528,-0.01726054395777576,434,256,6
-0.039014714493832064,-0.010939743284435994,-0.04438728915255784,-0.01002618222621632,434,256,6
-0.03824678850049729,-0.010804496204927771,-0.044862433686728154,-0.009072620816763856,434,256,6
-0.030486358873133026,-0.01068270035529297,-0.04473954855913057,-0.00856995342935007,434,256,6
-0.02863700332619395,-0.010642282359283762,-0.04488865767416449,-0.008799712317296418,434,256,6
-0.0268820886621161,-0.008104433105824664,-0.04533657745336616,-0.008066737073624923,434,256,6
-0.027433826447351223,-0.008189434726233256,-0.044404776867281656,-0.008427398119708369,434,256,6
-0.02917372960063666,-0.010295661403741344,-0.04034474430457757,-0.009178520418573081,434,256,6
-0.029743072358054127,-0.010919119617752864,-0.03921651546241381,-0.009446342454196436,434,256,6
-0.039738169243775164,-0.012297045077154246,-0.03527656749718373,-0.013016268185906241,434,256,6
-0.043095005208874625,-0.012402161205658062,-0.03388461273924302,-0.013185998962051996,434,256,6
-0.05342827060199563,-0.0146215741175124,-0.030963060036991643,-0.020367798141225805,434,256,6
-0.057000984353815495,-0.01565027049830551,-0.030500690658399335,-0.02178110216084919,434,256,6
-0.05972340649077094,-0.01570687677101312,-0.030201408391666625,-0.02162599027539087,434,256,6
-0.06124759110309664,-0.015896636903114627,-0.03026673149141592,-0.02155505004358925,434,256,6
-0.06452796943010888,-0.01812940273747766,-0.02781963088392113,-0.025056714076103315,434,256,6
-0.06549572481385325,-0.018203501399670793,-0.027228163946092288,-0.025279291345773145,434,256,6
-0.06787290314228077,-0.01799515433982543,-0.027043656853084203,-0.02460374681355032,434,256,6
-0.06853895191468631,-0.017161018292154287,-0.027189533707888743,-0.02418850990445861,434,256,6
-0.06974631881991308,-0.017255045488369102,-0.022095342089075903,-0.02408765243343295,434,256,6
-0.02825003197723517,-0.013946338251247706,-0.023519243453099394,-0.012293730834433858,768,256,7
-0.027594446727641567,-0.013101538289910595,-0.02413754338045899,-0.011877762348987925,768,256,7
-0.02729183451482631,-0.012909630638448551,-0.024254725068035988,-0.011809029020365023,768,256,7
-0.026075775758614583,-0.010773639299984147,-0.02675767875596138,-0.011511805010852945,768,256,7
-0.02606534240294151,-0.010036514006150563,-0.027906784015380527,-0.011233280294366075,768,256,7
-0.027995548255086048,-0.009404363676871868,-0.02752675852006902,-0.012046743435559054,768,256,7
-0.027974191717916708,-0.009170924700448575,-0.027190939478061636,-0.012007766750274448,768,256,7
-0.02702142167615955,-0.0075427039846551885,-0.02819458768054213,-0.010782173626484166,768,256,7
-0.02697612819814292,-0.007559430167486134,-0.028236444329302713,-0.010823667050130834,768,256,7
-0.026744915734463675,-0.0071149810061497815,-0.028432942104905448,-0.010490056248934284,768,256,7
-0.027262422840194714,-0.006826219037028444,-0.026333740592819992,-0.009261542726311741,768,256,7
-0.02731549439320856,-0.006511718711049761,-0.02573105781297819,-0.008744246328022462,768,256,7
-0.027927189940770456,-0.006867111652081036,-0.02305961916836079,-0.009782118777321528,768,256,7
-0.028038892949732403,-0.0070156655080111565,-0.022262771844035516,-0.010226946338952707,768,256,7
-0.029735940419485116,-0.008423905892260322,-0.020747252565921147,-0.010660075162535506,768,256,7
-0.029244650004223428,-0.008471121748176796,-0.02086397684185746,-0.010636931381220325,768,256,7
-0.028483192255098336,-0.008532908700430171,-0.020713603557703637,-0.010662593568161792,768,256,7
-0.02604950894150566,-0.008586280594056521,-0.020579711341141425,-0.008863842945150057,768,256,7
-0.025033301892493347,-0.00839344313980995,-0.019983405898130732,-0.008784038290271266,768,256,7
-0.0238323393613438,-0.007104361535414297,-0.02039511791690591,-0.006350404379461054,768,256,7
-0.023728536213849752,-0.006848102031743054,-0.02037828769067999,-0.00617577368815031,768,256,7
-0.02343430335513586,-0.005705294339317832,-0.02048320097424622,-0.0036512015521872818,768,256,7
-0.02486014564062212,-0.004863766975005311,-0.020170939641840538,-0.0032526301779450036,768,256,7
-0.026122229196538043,-0.0044545408742708925,-0.019671013337101598,-0.0033102400348258214,768,256,7
-0.03142004364711749,-0.005904018349433392,-0.01609248238933507,-0.006528524928252463,768,256,7
-0.031996122789533406,-0.005796335132966881,-0.015494795442024221,-0.006789121169068591,768,256,7
-0.03382170945995988,-0.005409959239565607,-0.015369873197277013,-0.007439966205267795,768,256,7
-0.03249960920820901,-0.0049371953004267,-0.015490582358321889,-0.006387638077815891,768,256,7
-0.032246422230556196,-0.004814784704428779,-0.015599862623720637,-0.006376566172333134,768,256,7
-0.031097001878451436,-0.004510802275555714,-0.015830787192288767,-0.0050105675203482355,768,256,7
-0.027096651228191226,-0.004288679367136262,-0.0160439119195106,-0.004650066542618972,768,256,7
-0.024461788167213644,-0.0030653875146191348,-0.018657007137182,-0.002796282920467629,768,256,7
-0.020759814108134853,-0.002732595727174272,-0.02053795638526312,-0.002186364199570653,768,256,7
-0.019495940488484954,-0.0026871174529604917,-0.020784334807209,-0.002714798338865967,768,256,7
-0.01949685336574179,-0.002781306688874272,-0.020938980145308723,-0.0030004849164113703,768,256,7
-0.0207505962935481,-0.002567939737673148,-0.021504292380210902,-0.0030195548083655523,768,256,7
-0.021042354762645123,-0.002420526551208154,-0.02156754872995464,-0.002918419917829825,768,256,7
-0.02130759061219701,-0.0024987892194719688,-0.021691608884236952,-0.0029252064495638402,768,256,7
-0.021808492863438722,-0.0018154686070651334,-0.021149823553583337,-0.002721549176824295,768,256,7
-0.010105056401463417,-0.001414962647710188,-0.024781774104135387,-0.000450931235055146,768,256,7
-0.010297670990734392,-0.002057081022870336,-0.024327556650357657,-0.001016514809323748,768,256,7
-0.014303777001513033,-0.004082805074404901,-0.02393834428774317,-0.0019089366515837103,768,256,7
-0.01541184201770147,-0.004767928146004054,-0.02410398314545339,-0.0029726051706815615,768,256,7
-0.019293658367943885,-0.005487132788415824,-0.02635858307931071,-0.004214250823899136,768,256,7
-0.01997132918203801,-0.005505172103044281,-0.02789960388923764,-0.003931401894371534,768,256,7
-0.025582394468390706,-0.005948748142511171,-0.027744909056739788,-0.004465673039695825,768,256,7
-0.026648194723593737,-0.0062201175780236895,-0.02715012652177436,-0.004671817800439401,768,256,7
-0.025365852389906192,-0.007089383193806579,-0.03146111236310015,-0.004975627375134675,768,256,7
-0.024832549948887093,-0.007402813941208837,-0.032789927990900546,-0.005187074392246282,768,256,7
-0.018578690446347686,-0.007072326164132832,-0.03916457205315437,-0.003583106309254642,768,256,7
-0.017968706480741354,-0.006963497835588371,-0.03925196659195968,-0.0035105203499517833,768,256,7
-0.016312149914707634,-0.006752501428493971,-0.03717122358763134,-0.002268228546582243,768,256,7
-0.01569723275850852,-0.006790130215462008,-0.03640838269245953,-0.0023097065808945845,768,256,7
-0.02044216275621093,-0.0072530814691710134,-0.03333084727082129,-0.002337520276946978,768,256,7
-0.022903733322731067,-0.007248593349591673,-0.032051685775018074,-0.002259180916786675,768,256,7
-0.026042967948475704,-0.007273240365496456,-0.03390976801714143,-0.0038242502358143827,768,256,7
-0.026779657514253017,-0.008174761244190558,-0.03263986757507237,-0.004014912397742159,768,256,7
-0.029814992679083753,-0.008945297762849988,-0.032097712096264636,-0.006120438963522008,768,256,7
-0.030231196986604456,-0.00918114336029999,-0.03145668364687805,-0.00647233990686121,768,256,7
-0.025226617106046567,-0.008550805652303506,-0.03402366709114938,-0.006080374772542101,768,256,7
-0.023837433620067894,-0.008323086694548513,-0.03492883095303036,-0.0060997566986162825,768,256,7
-0.02367459393764651,-0.008296289048418686,-0.034821195782535695,-0.00633798116532983,768,256,7
-0.02417809150025289,-0.008467469596695481,-0.03460137089838151,-0.006586410904636167,768,256,7
-0.023384064882547868,-0.009998743384745075,-0.03355805126116594,-0.008054185005925802,768,256,7
-0.022989479761039166,-0.010203343178338542,-0.03244730640011996,-0.008518363364367064,768,256,7
-0.021371567727090188,-0.010745684184457904,-0.03295583902504391,-0.0076497526617117255,768,256,7
-0.02134698844529091,-0.010351469705965953,-0.03327075556895052,-0.0069524628745374715,768,256,7
-0.023470276260587352,-0.01066322304535966,-0.02184312545286958,-0.00870060116962253,768,256,7
-0.02396351038806566,-0.010667241724780459,-0.019192851836774483,-0.009466007193490156,768,256,7
-0.024246914958150935,-0.00941923396093415,-0.02409765807913275,-0.008225332977764694,768,256,7
-0.025946598070022087,-0.009390946667761267,-0.022779725210946684,-0.00927006732887589,768,256,7
-0.021826534778903103,-0.00960911352522333,-0.02445451253856915,-0.009426125591242956,768,256,7
-0.018749562158905185,-0.009835714237528406,-0.024069497053101872,-0.009454150205060598,768,256,7
-0.016278019063164565,-0.010056933403845501,-0.02196163782979645,-0.009615386622823992,768,256,7
-0.012823121194688574,-0.010104563900594925,-0.0217186639290897,-0.009659764301333734,768,256,7
-0.009790928301635441,-0.010259790096341424,-0.021341771201394612,-0.01190522624972324,768,256,7
-0.00920562272535485,-0.010208285268301412,-0.021447007405229413,-0.012226240644393817,768,256,7
-0.018645123460945892,-0.013430415140609655,-0.005411894236243679,-0.012160016661643056,1102,256,8
-0.01718120577744631,-0.011623392006396964,-0.006541844802954756,-0.011577873248943875,1102,256,8
-0.013556153427658302,-0.01157113699074181,0.0009279473695245501,-0.01212669446248651,1102,256,8
-0.012703993423503078,-0.011734319807843369,0.0016966425727057317,-0.012291903884180845,1102,256,8
-0.00928623629970074,-0.010743355987199233,0.0022077170101532993,-0.011851309709662111,1102,256,8
-0.007487252188485661,-0.007974578128873637,0.0034401409221893,-0.009790869468631985,1102,256,8
-0.0065061848168811035,-0.009449830837345057,0.008994366638059652,-0.010977545333175267,1102,256,8
-0.00653964317441497,-0.010497688612509267,0.011306304029118067,-0.011805415128995446,1102,256,8
-0.0073336024084969,-0.01092601325332504,0.012483572853995739,-0.013360004740329213,1102,256,8
-0.007184043928646663,-0.011192687487443792,0.01246853452703608,-0.013797365001604578,1102,256,8
-0.007168285206460421,-0.011417325674248281,0.012430448341303933,-0.014170100760498973,1102,256,8
-0.006849821870417106,-0.011630671471751427,0.011327084151636429,-0.014260183229121526,1102,256,8
-0.006596504029095838,-0.011590026764449144,0.010300175824548393,-0.013965204576534248,1102,256,8
-0.005731514427480719,-0.011653657894669133,0.007982564597356634,-0.013682882698674483,1102,256,8
-0.005995427876533052,-0.01169989774919221,0.008440688051235953,-0.01430806192077218,1102,256,8
-0.0009086909645202316,-0.011239719265198166,0.006934682365582564,-0.013532586334440159,1102,256,8
0.001391514569705681,-0.010586589881558205,0.004326031081380505,-0.012014778974961475,1102,256,8
0.0017596719336411138,-0.01061645962411459,0.002779500743150725,-0.011806042448429156,1102,256,8
0.0020358324313886154,-0.010998909384725928,0.001617746120320136,-0.011996459785845064,1102,256,8
0.0021195766127464657,-0.0111359959411153,0.0015892443917466656,-0.01225039895792787,1102,256,8
0.0039822101286824335,-0.010807501430095007,0.00028006403277315757,-0.01109797374148447,1102,256,8
0.0017090823756090632,-0.010908587508517108,0.0007151895252241844,-0.012142828426456285,1102,256,8
0.0015846700996558496,-0.01149485257494703,0.0011884517746350333,-0.01267249799208726,1102,256,8
3.2398291225385955e-06,-0.011811542739774162,0.001454549303526033,-0.012776948643042014,1102,256,8
-0.00021425409291092744,-0.012176131569597234,0.0014858166275542983,-0.013041356658441727,1102,256,8
-0.003357731839407232,-0.013368357410242419,0.000506783228926699,-0.013908848905322417,1102,256,8
-0.005181106797226569,-0.01415867831398435,0.00015864375475321794,-0.014297741921135823,1102,256,8
-0.005039132692593212,-0.013112233963632767,-0.0034604085681454776,-0.011322261410700236,1102,256,8
-0.008170183022240323,-0.012078964938741783,-0.0055244014377952965,-0.011449763236920266,1102,256,8
-0.008035363871002444,-0.011442263345203032,-0.006415037838168808,-0.010629008805532405,1102,256,8
-0.010007566294849342,-0.011414332870806157,-0.00665348358949292,-0.011153262758896205,1102,256,8
-0.009347979530616037,-0.011245029362157712,-0.007119322218264157,-0.010941225327855594,1102,256,8
-0.011659796149026572,-0.011448762128436346,-0.007907172862345374,-0.011195072972503278,1102,256,8
-0.01204118549657611,-0.01142526729395434,-0.008294873551828072,-0.011200071683832134,1102,256,8
-0.012844468504310416,-0.011700828204536327,-0.005694732096979097,-0.011768062214908559,1102,256,8
-0.014310587989483207,-0.011874706179374228,-0.004787493277762839,-0.01181238866294742,1102,256,8
-0.01585698636818704,-0.011327890035547822,-0.003053347038956135,-0.011732205416518073,1102,256,8
-0.016576651433319677,-0.011252732346110966,-0.002499892512697001,-0.011706625727112478,1102,256,8
-0.017002840217895356,-0.011219757057646947,-0.002074868911776784,-0.01164685183806646,1102,256,8
-0.016980836349369307,-0.011528051949914131,-0.0019507392049094895,-0.0115983860858503,1102,256,8
-0.016558007201753447,-0.01112130644624299,0.0003206218170518653,-0.011117194917889602,1102,256,8
-0.01646368515717138,-0.010787877983394423,0.0007135836486699219,-0.010892540619616886,1102,256,8
-0.0155561798183227,-0.010892885873132594,0.0018683957832994161,-0.011945651970147327,1102,256,8
-0.01406635585294034,-0.01085808188053391,0.0021421740117883695,-0.011832693313441474,1102,256,8
-0.003471826977802692,-0.009848581009978584,-0.0006329305340752869,-0.011004637736175504,1102,256,8
-0.0025373902226135656,-0.009705255236422737,-0.0014475700496841414,-0.010960463823266866,1102,256,8
0.0006925380711695229,-0.00981052952652341,-0.000496029985226249,-0.010128888448066151,1102,256,8
0.0039630156050292475,-0.009274944852273842,-0.0011363042956062204,-0.009958746305444832,1102,256,8
0.0035396088858787537,-0.009397112964140074,-0.0023582415077689706,-0.00993592860137596,1102,256,8
0.0033841765511427317,-0.009414461491083511,-0.002884705892195601,-0.009941787132927203,1102,256,8
0.004754962925324084,-0.00845490084393843,-0.005257654183868842,-0.008775278191077126,1102,256,8
0.004683897492007922,-0.008423526494993784,-0.005589567509740911,-0.008652267438388187,1102,256,8
0.002666297723658909,-0.011034972408846842,-0.0029436183862933053,-0.010068998918156954,1102,256,8
0.0018052665846483766,-0.011348871695547401,-0.0020661707130177113,-0.010179541230646091,1102,256,8
0.00012511916110562372,-0.011622522270799967,-0.001606405072395418,-0.010931322854605626,1102,256,8
-0.00011007982970796486,-0.011605639908997935,-0.0012378632888133674,-0.01079515967880805,1102,256,8
0.0018648292596053846,-0.010533870692101358,-0.003979815350626301,-0.006409693150650541,1102,256,8
0.001888443497238788,-0.010014182432761485,-0.0060511616442243945,-0.004765906024005588,1102,256,8
-0.000501330337276572,-0.009652031333530115,-0.006087003934133919,-0.005263582830731938,1102,256,8
-0.0008706556293737181,-0.009425822529387127,-0.0068144495730731594,-0.005062485037610917,1102,256,8
-0.0008844984116758994,-0.009512767087553654,-0.007711178157630655,-0.005696299571221991,1102,256,8
0.0002430074491186828,-0.009195225552020368,-0.008101292931498565,-0.005486245543606519,1102,256,8
0.00018881753276392814,-0.0076116427227857246,-0.009997426943577331,-0.0053231286265652995,1102,256,8
-0.0005660586208378997,-0.007457819767262906,-0.012209762720278246,-0.006275087995305515,1102,256,8
-0.0008235815625550592,-0.0076076367447231565,-0.01234886655839484,-0.006512250137094625,1102,256,8
-0.00015727816499276411,-0.007374951555454013,-0.008847352678804906,-0.006683528362281968,1102,256,8
-0.0028604134236113092,-0.007853275712413264,-0.008679969027839272,-0.0069773395417549065,1102,256,8
-0.00365280133338898,-0.007739128604136662,-0.008509729826700084,-0.007612019685208517,1102,256,8
-0.003751393390833027,-0.007734462086926849,-0.008480620968164891,-0.0075776996905650455,1102,256,8
0.0002572544833345087,-0.00891210420099571,-0.009530383806631125,-0.01150081773964059,1102,256,8
0.0011413171101143987,-0.011737417752543042,-0.006703312090019998,-0.014219212752776652,1102,256,8
-0.00278722216649066,-0.015754938047725243,0.03441943328042149,-0.018389520500523095,1436,256,9
-0.002482553907332763,-0.01504034529502076,0.03511928036550777,-0.017531394423570257,1436,256,9
-0.0022462739641151944,-0.015197728715975254,0.03543867115121841,-0.017489489989286823,1436,256,9
-0.0016743519098500784,-0.015808268151594123,0.03440009432412893,-0.01793542797468447,1436,256,9
-0.0015813801275995907,-0.015821416681546248,0.03431242611274418,-0.0182246635794115,1436,256,9
-0.0006668698855792253,-0.01510149550956495,0.03399941525019167,-0.013747825593111282,1436,256,9
-0.0007611497020273398,-0.01556979827065598,0.03401146750977052,-0.014739033380817411,1436,256,9
-0.000785300886361022,-0.016286575965793828,0.0341374212286746,-0.015249079908987204,1436,256,9
-0.0006595812476232526,-0.01703604724069544,0.033948651106649956,-0.015712344354429548,1436,256,9
-0.000692841834195335,-0.0189918056052618,0.034707637462704305,-0.01650170339285676,1436,256,9
-0.0006909482488193442,-0.02000556420069421,0.03587826076027246,-0.01662026766880162,1436,256,9
-0.0010027651650009275,-0.021286721386054867,0.04153498515131067,-0.02352525644626608,1436,256,9
-0.0001178113790840204,-0.02157355786755771,0.044535506162218574,-0.024772916818231575,1436,256,9
0.0019616173613451575,-0.020145949334834278,0.044501751007844474,-0.024402279420991834,1436,256,9
0.0024999741353449543,-0.020265888657831684,0.04428360201729246,-0.024399073193264727,1436,256,9
0.003203664644443961,-0.020267527742141238,0.04521857274515128,-0.0246283751328836,1436,256,9
0.0035483414994564055,-0.020363444693952893,0.04596839212673463,-0.024623685643491416,1436,256,9
0.0036317585918272358,-0.020117916792977565,0.04772406924433905,-0.024367187434060043,1436,256,9
0.002634225896046206,-0.020206269739102552,0.04742440477194799,-0.024558799335166574,1436,256,9
0.0029301215794454937,-0.02009978934510616,0.04802234264487809,-0.024534774327052474,1436,256,9
0.003928816842872549,-0.017145574440958242,0.045790480922475514,-0.0233926266834815,1436,256,9
0.003886005002720669,-0.01628894539420697,0.04397975077881698,-0.022960659257388032,1436,256,9
0.004163040212400135,-0.015924749716477598,0.04331679652358731,-0.02258116276745177,1436,256,9
0.0040139791088838915,-0.01588691604004557,0.04311993263461973,-0.022304439857289943,1436,256,9
0.003983090011878789,-0.015886456191282608,0.043249689154237596,-0.022206034342554262,1436,256,9
0.002885399905396532,-0.016288856023316197,0.04511667572916398,-0.02193171591322233,1436,256,9
0.0021479011680648275,-0.016389433242624908,0.04733574894883013,-0.021729039866019064,1436,256,9
0.0013697570873367076,-0.01759027710117276,0.04794803815386121,-0.02311122912807303,1436,256,9
0.0011317366627430646,-0.0183890456879792,0.04845860892709441,-0.023824263959496605,1436,256,9
0.003037468966401959,-0.01870636564054757,0.047496182567406446,-0.023642876566193623,1436,256,9
0.0017187739755581896,-0.01859818483462555,0.04217830448352587,-0.023052886603658812,1436,256,9
0.0013364844696940384,-0.018864044888232918,0.04027841847903501,-0.0231755390976878,1436,256,9
0.0011852270139432511,-0.01898501412235824,0.03474901812077889,-0.02335102589177972,1436,256,9
0.001109480868461207,-0.019101503898843977,0.03351103804849912,-0.023430482314841967,1436,256,9
0.0015085368311087224,-0.01910411331523052,0.03329603239292115,-0.020990192727368337,1436,256,9
0.0015634446810258158,-0.019065644265694365,0.033262928921697535,-0.020694163656597965,1436,256,9
0.002142691438689155,-0.019603268055240722,0.035236640188999406,-0.020935054698676934,1436,256,9
0.0025420576199727193,-0.019472729715207263,0.03731070509874763,-0.020652331225801287,1436,256,9
0.0026936371386501188,-0.019321604794750574,0.03905500882503031,-0.020405518310748987,1436,256,9
0.002598976332721389,-0.018481185498699856,0.03812464504305971,-0.018724994669048572,1436,256,9
0.0026849753723806207,-0.018480747437556257,0.03750006601510716,-0.0188012079180099,1436,256,9
0.0019157954166031878,-0.018083863979195924,0.03295557090141804,-0.017671655955159755,1436,256,9
-0.001396414150206466,-0.019588643345402067,0.03198223080065139,-0.01787179129021423,1436,256,9
-0.0035069343299431247,-0.01964177621317164,0.03161053131180479,-0.01791833550559854,1436,256,9
-0.00999970160280433,-0.018635933813444132,0.031103714192629,-0.017973562986916845,1436,256,9
-0.010397607454490957,-0.01798851960732407,0.03112191173075811,-0.017880576909090333,1436,256,9
-0.009806583977213592,-0.01718043493679076,0.025821209500463634,-0.017586097560204825,1436,256,9
-0.009754374354180875,-0.017084503792828474,0.025651505848677265,-0.01752180813475284,1436,256,9
-0.0100734184181222,-0.015633622806769408,0.024815818532786773,-0.01427632909898634,1436,256,9
-0.010502602969267565,-0.014779115350472887,0.02459302797303826,-0.013211509545099634,1436,256,9
-0.010771276732621802,-0.015592541164918223,0.027090044469142868,-0.018653796781612886,1436,256,9
-0.010693754684193138,-0.015946742272626577,0.027349458075493837,-0.01953876966491085,1436,256,9
-0.010597805660387457,-0.01628748835125871,0.027514085050551824,-0.020549425338395783,1436,256,9
-0.010118688309788643,-0.016680847732437665,0.027266344962338995,-0.02111903624037299,1436,256,9
-0.008970128771907754,-0.01680800880981447,0.03098210528425184,-0.021105840066571645,1436,256,9
-0.008461347824496831,-0.016907702303256132,0.031253919982290906,-0.021074984320070444,1436,256,9
-0.004971208985007596,-0.016230311589707436,0.03285366808202555,-0.020015749207805574,1436,256,9
-0.004488620500677675,-0.015632671209504994,0.03289824921590277,-0.01960849791853795,1436,256,9
-0.004299584054724335,-0.014400624461058152,0.032018111390944785,-0.018894611819113324,1436,256,9
-0.004155822514194603,-0.01384463393643123,0.032093371640295076,-0.018793520078016594,1436,256,9
-0.003708069297393372,-0.012496038166183844,0.026332066504310702,-0.017528482586016764,1436,256,9
-0.0038053398588949205,-0.01226143765112904,0.024705554981691392,-0.01753136284775251,1436,256,9
-0.003978757310979245,-0.010510873826734142,0.025288412541501732,-0.015168152292371785,1436,256,9
-0.003997999032658839,-0.010286908888665253,0.025160018655652573,-0.014734325769070869,1436,256,9
-0.004166176645060815,-0.011577997365021759,0.02538148997546053,-0.01489838196723428,1436,256,9
-0.004298820744450603,-0.011769857573125273,0.02543936712549708,-0.014898885373858419,1436,256,9
-0.008861478632642259,-0.012373214342075183,0.028893605506603418,-0.015000200832079407,1436,256,9
-0.009471572971877274,-0.012322757758937755,0.029684287090161156,-0.014950348401666124,1436,256,9
-0.008615114115392529,-0.01274166876351933,0.02403965973819652,-0.016492686025658367,1436,256,9
-0.008470854150071113,-0.013418133376978322,0.022422291263620397,-0.017338333761597647,1436,256,9
-0.008365375743696463,-0.015253776926769526,0.022899393764280455,-0.018182610053506187,1436,256,9
-0.008379186609078897,-0.016095408029279473,0.02317326434192934,-0.01922720694337704,1436,256,9
-0.00853599231897833,-0.017520719638559917,0.0263649288093874,-0.02172326903897958,1436,256,9
-0.008417151932238893,-0.018158379450463197,0.02656503722276491,-0.022162102250972333,1436,256,9
-0.006797140980983083,-0.01756987529755515,0.026336092939701836,-0.021428117479578544,1436,256,9
-0.006816913783180383,-0.017381474990558615,0.026170757495736965,-0.0212413887263098,1436,256,9
-0.006139577708120156,-0.016544230988072346,0.016298448236207314,-0.014780494474338823,1436,256,9
-0.0061513719244176545,-0.016332261167247567,0.014081169884882016,-0.01358125579353076,1436,256,9
-0.005548127410886301,-0.016074310115722138,0.01205180672464268,-0.013295924881517786,1436,256,9
-0.005620423429155763,-0.01603095233921355,0.011680606598233882,-0.013263897689350344,1436,256,9
-0.0063656166193963035,-0.014810047792450293,0.012682026620124793,-0.01228016369616909,1436,256,9
-0.006451407037916918,-0.01451931994454027,0.012567385089857712,-0.012164443845231408,1436,256,9
-0.005724468860672923,-0.01385710452559245,0.011389302156365426,-0.012366046293646026,1436,256,9
-0.005957636792624116,-0.013855310214665635,0.011597570310119874,-0.012681475447085151,1436,256,9
-0.0056785144605137694,-0.01338919961783093,0.01537976431836305,-0.01255919403342867,1436,256,9
-0.005577635122076866,-0.012922159574691292,0.015768752201451477,-0.012532696119400302,1436,256,9
-0.0051089120701278785,-0.01246777191317421,0.016295661981244776,-0.012541928611709071,1436,256,9
-0.004939338305171306,-0.012531630484030262,0.01638953578312296,-0.01265762385179216,1436,256,9
-0.004346744426436883,-0.011756796141207192,0.017363914008080718,-0.01239607250660432,1436,256,9
-0.004156498578267095,-0.011824085643327435,0.017635607134587894,-0.012416949830940056,1436,256,9
-0.002998936802839614,-0.009830068657308129,0.018796789230658396,-0.011706619670939295,1436,256,9
-0.04622084927748497,-0.026426464369333595,-0.01916100742429358,-0.02723612628157435,100,432,10
-0.04549948874543174,-0.026444997421790822,-0.018789301867908108,-0.027131539049533353,100,432,10
-0.04557137826956538,-0.026560733303801463,-0.018348923245250025,-0.0271736019508426,100,432,10
-0.043625463027045314,-0.026081257243675018,-0.018311482191249243,-0.025254900677906398,100,432,10
-0.04306231217348275,-0.025880776585490445,-0.01785934334908924,-0.024304154709655836,100,432,10
-0.037802890080231244,-0.02478431173349334,-0.014509714733354181,-0.0237677455901228,100,432,10
-0.03671802835032125,-0.02336170855006325,-0.013569136568788994,-0.022450473956087125,100,432,10
-0.040240030705240515,-0.021356985963616987,-0.023228978821556664,-0.021247221639756373,100,432,10
-0.04000261450212056,-0.02125694803938486,-0.019830201777167798,-0.02148559792226084,100,432,10
-0.022638706895957234,-0.02072557598884712,-0.012254311740722595,-0.021747147649613264,100,432,10
-0.02198602216257912,-0.020985676702718305,-0.013658143648427186,-0.02210085202501305,100,432,10
-0.026929516110680674,-0.024084045360221087,-0.02043529193125113,-0.02553597120048798,100,432,10
-0.027301072269153168,-0.024078197916130823,-0.016400207752963622,-0.0258573744432378,100,432,10
-0.037330508154900535,-0.025758611064108428,-0.0070863930908327075,-0.02741004392117641,100,432,10
-0.032355502912825,-0.0307073499090293,0.003106150701622156,-0.03178548684151515,100,432,10
-0.030515032931314287,-0.031246043965443303,0.0014491633739053952,-0.03345141679266896,100,432,10
-0.02929100969961156,-0.029207366576934183,0.0002616700986625744,-0.02947838890024194,100,432,10
-0.031667336931936435,-0.029294437652778692,-0.0007304186530577021,-0.029307602564963016,100,432,10
-0.04306715391349053,-0.03560630271366878,-0.007753484105091832,-0.03244969143243607,100,432,10
-0.04496320250492491,-0.03685631118211819,-0.009463895537993887,-0.03315645092961086,100,432,10
-0.018871301542270586,-0.03131884255914797,-0.013826050480698328,-0.03217577782391459,100,432,10
-0.020704051810485995,-0.031022680808440953,-0.017152722973927073,-0.03129988773103032,100,432,10
-0.03318812327677053,-0.030831342167796014,-0.011697777365359012,-0.03195609352822931,100,432,10
-0.03393069635132722,-0.030495058047936167,-0.010596413741949931,-0.031660280069074294,100,432,10
-0.031491832803711386,-0.029700522412925028,-0.0216941028361932,-0.030035906967248453,100,432,10
-0.03300691001203773,-0.028942764322617727,-0.023278381256656412,-0.02953876464323788,100,432,10
-0.03408171864141527,-0.028667571368379174,-0.023859412865066043,-0.029431069641575127,100,432,10
-0.023780224239376858,-0.0281070540132852,-0.011148262769996094,-0.02840166331663616,100,432,10
-0.020572356241885442,-0.028375957410573277,-0.00757481167463156,-0.027843917805800533,100,432,10
-0.00785081536010063,-0.0296844153851843,0.0032249048721864383,-0.028296510753416347,100,432,10
-0.003725514710375516,-0.029661490643184244,0.004464854109284081,-0.028474841409226775,100,432,10
-0.01647576009786473,-0.030419946040452485,-0.005870910964843388,-0.03183099909843768,100,432,10
-0.018670556238083263,-0.030920977419331246,-0.006030803768982124,-0.03424517814162826,100,432,10
-0.02888193588452536,-0.030896445396335074,-0.0047185269114531905,-0.03585812719674911,100,432,10
-0.030807141646782457,-0.031021742094198307,-0.002116292394261003,-0.03686109305785992,100,432,10
-0.04877102878067099,-0.0314041270169236,-0.004285980979405119,-0.03747062368986764,100,432,10
-0.049890609433667646,-0.03161032734240393,-0.0055177778228296896,-0.038097026590710285,100,432,10
-0.065687290874447,-0.03057953090641192,-0.010165603897367054,-0.03748484939173093,100,432,10
-0.07031381238971816,-0.029956126167382524,-0.015060700258456756,-0.03715456778400462,100,432,10
-0.07162270851037959,-0.029628993305468154,-0.019041021496409342,-0.036854829743471526,100,432,10
-0.06666183314352271,-0.029001953503679723,-0.013419157756927777,-0.03578089101667307,100,432,10
-0.06481989823973472,-0.028684897446430647,-0.013416464932465776,-0.03557896290086633,100,432,10
-0.06580798678002633,-0.027603976778753522,-0.011873267326732275,-0.035406796895905604,100,432,10
-0.05915922711654709,-0.026790893548834186,-0.009995735580329804,-0.033622116840823855,100,432,10
-0.05754131641725179,-0.027122524919090767,-0.009939154143193504,-0.033608545139545344,100,432,10
-0.04514825225954698,-0.023771779118643664,-0.012366897245468543,-0.029777506841495244,100,432,10
-0.04570984351598668,-0.023545574346466387,-0.012669395873956399,-0.029690891297179684,100,432,10
-0.04623563986683476,-0.023148275921549284,-0.014921711690617484,-0.02957147618233995,100,432,10
-0.045920151906655285,-0.02320600721772368,-0.015265222330650852,-0.02965290409336284,100,432,10
-0.0503536366230629,-0.023909083209663957,-0.014885631314302091,-0.030506535052410882,100,432,10
-0.05125134338407661,-0.02404970413179663,-0.014813273330164505,-0.030636070811043758,100,432,10
-0.044715254387760056,-0.024662831876610936,-0.011002170873346909,-0.03102790013142792,100,432,10
-0.044931883988149596,-0.024913187067186718,-0.012458717136323016,-0.031100211922196884,100,432,10
-0.045135916339190424,-0.02500546696545507,-0.012644244735979034,-0.031178257809902663,100,432,10
-0.05028968362957693,-0.02471988598640574,-0.014501669041019623,-0.02996059762368862,100,432,10
-0.056658429404643045,-0.02503855125259084,-0.024009365466620747,-0.031074999058431252,100,432,10
-0.05748176487801726,-0.025108381111339916,-0.025426968982981118,-0.03127103994177093,100,432,10
-0.057114702146327814,-0.027564068986289172,-0.021435984309252414,-0.032161419295593636,100,432,10
-0.05597746556509944,-0.02868918797725995,-0.019557643639199755,-0.033178247509215955,100,432,10
-0.061482791024142135,-0.0328284973489963,-0.014225743821168075,-0.03497281838694404,100,432,10
-0.06210885565117115,-0.03372594796140053,-0.015279240200426846,-0.03579973902098264,100,432,10
-0.06520630119285191,-0.03067917545705042,-0.019402978806063394,-0.032398847117005025,100,432,10
-0.06481423392997149,-0.029455863797733812,-0.017668395387534383,-0.03155115986371181,100,432,10
-0.059131077469802173,-0.02672069284418357,-0.016813376815192734,-0.030452721352928834,100,432,10
-0.057804835485524286,-0.02655716975193054,-0.01611773229867837,-0.029964823118037207,100,432,10
-0.05850805475852989,-0.026414228056832918,-0.008147457069173745,-0.03087098312513443,100,432,10
-0.05902137936239219,-0.025839811111231105,-0.010542854767644471,-0.03085070454734392,100,432,10
-0.06120871920980504,-0.023711386310392116,-0.007478400051753272,-0.02969583996552545,100,432,10
-0.06371524922304285,-0.022168902132911273,-0.00749689858193302,-0.028703500257559723,100,432,10
-0.05085672422495811,-0.022256623709626656,0.00487910984689997,-0.028533788588639225,100,432,10
-0.04815398268995732,-0.021668591277558186,0.0031405393718925145,-0.0272479834392922,100,432,10
-0.04902857167783857,-0.022150997655878513,-0.0034706202968779586,-0.026861868789106593,100,432,10
-0.049064830421243204,-0.022144993788711913,-0.006970533771512041,-0.025860194085423935,100,432,10
-0.06894129603060736,-0.023008311556330048,-0.012439299388208135,-0.023691437756804906,100,432,10
-0.0728535702145117,-0.023236730626925443,-0.012654491609593001,-0.02297576162323502,100,432,10
-0.05546933977729779,-0.02185102108613475,-0.01587492454933841,-0.020966084763052367,100,432,10
-0.05467475196533776,-0.021412600953173388,-0.01124978027772895,-0.02096187527399063,100,432,10
-0.06824873661333843,-0.020136343204769418,-0.015007247665957598,-0.022626192022619875,100,432,10
-0.03756006460456806,-0.0037825160493496083,-0.016839130217612096,-0.00485933051397765,434,432,11
-0.03629509588217373,-0.0022898944628550848,-0.01603900649102713,-0.0035513962314384032,434,432,11
-0.04224152573217189,-0.0014535866514615104,-0.012498775447248351,-0.0027891142992327524,434,432,11
-0.04548169432427197,-0.0014277566130735308,-0.011736424572852662,-0.002707162738332662,434,432,11
-0.054464893620400856,-0.0015524125874492164,0.0019939247363041242,-0.004470412596129941,434,432,11
-0.049039264298007604,-0.0017573032589575787,0.0037116446949892537,-0.002467805257220855,434,432,11
-0.04882233401425682,-0.0017783656983990379,0.003256595404452161,-0.0019616461015669025,434,432,11
-0.042998791715230134,-0.004138696121726472,0.004490082915841695,-0.007818834372706786,434,432,11
-0.042463218948629596,-0.0045491408559192115,0.003994583756476971,-0.009007421295211118,434,432,11
-0.040502921693910766,-0.0046712441115524875,0.00045940351690714864,-0.007950792964515542,434,432,11
-0.0404702957779838,-0.004624654996659954,-0.0009791989378177125,-0.007474624958769861,434,432,11
-0.04625091992585766,-0.004023950757344119,-0.0012117748371422564,-0.006056132964733548,434,432,11
-0.047726520533270304,-0.0040836074277258326,0.0011390662289706382,-0.006099024682607571,434,432,11
-0.049930678320012925,-0.0014297859877500506,-0.01258148664730421,-0.004578502723889895,434,432,11
-0.050102656642237654,-0.00020715678497765417,-0.01649255923722862,-0.004023221437492866,434,432,11
-0.04267382560586538,0.0028522439922610203,-0.01930655244627655,-0.0029749304253056724,434,432,11
-0.042410750855602204,0.0025904778926382553,-0.01941373161980004,-0.002663294889363818,434,432,11
-0.040155984529612956,0.002748085411561809,-0.019761083867469127,-0.0011713989881823885,434,432,11
-0.0381526379239827,0.003051315019206043,-0.019861703768976124,-0.0002711873532884418,434,432,11
-0.04175380188781573,0.0017239177968469454,-0.022879428064765468,-0.0019796921997111,434,432,11
-0.03317357928027064,-0.0031789699078661514,-0.014495851385351767,-0.00817456287445027,434,432,11
-0.03135842922640773,-0.004102672425254669,-0.014121145423592853,-0.00848213058044806,434,432,11
-0.029818254186654965,-0.004792787457548346,-0.012957403971254843,-0.008684302611125896,434,432,11
-0.029431691030402378,-0.006262415763868791,-0.015308796978437395,-0.009592161786373532,434,432,11
-0.030543876714527875,-0.007438838241677819,-0.0160365836265711,-0.00987804593438869,434,432,11
-0.031229459116749216,-0.014159780029298382,-0.005850900721310955,-0.01905112059483791,434,432,11
-0.031704438301318395,-0.015271736678973998,-0.004246208751405572,-0.019453232016514537,434,432,11
-0.029851270854249514,-0.017821096819094367,-0.007485660409843967,-0.021084494169571873,434,432,11
-0.029007617613712487,-0.018352240990670343,-0.007656120835558779,-0.021518680077264363,434,432,11
-0.031994801477531115,-0.020667455069874406,-0.008683686975393639,-0.022144984338904272,434,432,11
-0.03230526697866579,-0.020870212350112237,-0.00956582011043862,-0.022195620977617514,434,432,11
-0.03947868677016268,-0.022104739362131948,-0.007971224319416438,-0.024881882257918587,434,432,11
-0.041589887261839036,-0.021094733644194785,-0.007124115399976706,-0.02423957682578372,434,432,11
-0.04168576077616285,-0.021106472675861028,-0.007345775564854927,-0.024126102480530008,434,432,11
-0.03502138355018708,-0.02172688334756009,-0.014384600327607997,-0.024306252382374677,434,432,11
-0.03426395665359545,-0.02191850332388602,-0.012846578979074992,-0.0250688652753217,434,432,11
-0.03453784376705528,-0.022071036742547623,-0.011380287253807466,-0.025545313146151712,434,432,11
-0.033465865996511975,-0.024446225952344827,-0.014823245467517098,-0.023877438451199516,434,432,11
-0.03285615740750772,-0.025277439597961263,-0.01533716093685246,-0.023755570388009378,434,432,11
-0.03307418863694466,-0.0315543979561005,-0.005932910320604233,-0.030522668116199966,434,432,11
-0.03263994913692766,-0.03255577205039596,-0.004212367921802949,-0.03128907902286234,434,432,11
-0.027536943292848382,-0.03567453549462143,0.002617058591780404,-0.03288321252917727,434,432,11
-0.02643585439296655,-0.037057715043403654,0.003947422935592506,-0.033674307331277756,434,432,11
-0.02560569844309096,-0.032454057904060196,0.009202053078031317,-0.03485379115196945,434,432,11
-0.01806360891460487,-0.02968614977589769,0.006039556557125933,-0.03186012604937947,434,432,11
-0.021342100140772615,-0.029801768202255812,0.006235257217471323,-0.03210266893129624,434,432,11
-0.02170798533782549,-0.029704235398970838,0.006089897902465314,-0.032109943403127575,434,432,11
-0.022021978494508265,-0.029615228532805547,0.005224460122597251,-0.032097250218925226,434,432,11
-0.029374409423198865,-0.026070029702954522,-0.0006712075019853723,-0.029701371031978046,434,432,11
-0.030446418011547318,-0.026052125108862574,-0.0016639753296701625,-0.02877745047396985,434,432,11
-0.03873241783343615,-0.02669409583187727,-0.005011970838083641,-0.02687006709068124,434,432,11
-0.04225689417808238,-0.026924212019057467,-0.006872376970227603,-0.025297410922194858,434,432,11
-0.04453767606295995,-0.026658464051321665,-0.010247927293854351,-0.025422606283959513,434,432,11
-0.048619868419851796,-0.027697744608697072,-0.010086910061963177,-0.028514888844307574,434,432,11
-0.049472020888524315,-0.028409443818377945,-0.008796432439690595,-0.029164743068932353,434,432,11
-0.038663909613880665,-0.024284080166282015,-0.00825620834469782,-0.022456541066584325,434,432,11
-0.03596849232196258,-0.02384740870605178,-0.008171108597438945,-0.022511190500606505,434,432,11
-0.034021887409534025,-0.024725919403496117,-0.006566478054171798,-0.02655129066629804,434,432,11
-0.03279900781034681,-0.025201063804391938,-0.006087666928514538,-0.027546268656716222,434,432,11
-0.03474738316003463,-0.02440523899441288,-0.006888798434854181,-0.028760671752517564,434,432,11
-0.03532709814110166,-0.02446106367021721,-0.007045068179095164,-0.028862904225654,434,432,11
-0.03510960652584406,-0.02379863689908849,-0.007023179496661364,-0.028165620056262358,434,432,11
-0.03352685411493687,-0.02320844705785742,-0.006926874559203341,-0.027739007184564846,434,432,11
-0.03297625040237993,-0.022876838255150803,-0.006825241260067165,-0.02744219685056759,434,432,11
-0.034637493536442736,-0.02233999360519024,-0.009123664503167385,-0.026999725783051536,434,432,11
-0.040371446492348875,-0.02228167037761064,-0.012134406529395791,-0.026328289941278057,434,432,11
-0.04245520424837022,-0.02226106014232749,-0.01284217726182619,-0.02626836642419424,434,432,11
-0.04267752183888498,-0.021794806244648055,-0.012728840422976898,-0.023522167875225524,434,432,11
-0.042745920934048935,-0.02171905895645858,-0.012767197262976135,-0.02305180381590866,434,432,11
-0.04185285109715306,-0.016932636762015722,-0.013253883479371486,-0.019020060232060296,434,432,11
-0.04072203020715627,-0.014923346621739962,-0.013760797105548969,-0.017227393380219624,434,432,11
-0.04240795542631529,-0.016385208200392746,-0.015438575359969836,-0.01704383527926995,434,432,11
-0.04266746126085796,-0.016350950998717563,-0.01566154796621894,-0.01712029905915718,434,432,11
-0.039961899132290084,-0.014973651718662022,-0.01424105370240537,-0.017436859678512648,434,432,11
-0.039222712843223165,-0.01459907126461851,-0.014874537693204404,-0.01736339410763296,434,432,11
-0.030888859369275566,-0.014036183428212504,-0.01344346229508275,-0.017226754098360657,434,432,11
-0.030329232433706686,-0.01399015569850066,-0.01396568375069076,-0.01691516569339755,434,432,11
-0.03626960553453833,-0.01835771930170736,-0.013687832526130775,-0.018077805358929385,434,432,11
-0.03759428708465493,-0.01953321431426344,-0.013229701222965524,-0.01838335790843039,434,432,11
-0.04091705630761194,-0.019496096858086166,-0.012045989462490058,-0.01866481666009723,434,432,11
-0.0413113498683745,-0.01946355558789142,-0.012000418011050777,-0.018680077854558476,434,432,11
-0.03415469460151485,-0.017486638766503058,-0.01562820373308247,-0.0176920261312676,434,432,11
-0.033814473488628885,-0.017420795022615024,-0.015484704312518542,-0.017621916376705744,434,432,11
-0.036434325007911,-0.016955925731651514,-0.01868609922423519,-0.017434041880393027,434,432,11
-0.03710868602605242,-0.016944010550783806,-0.01915524867000897,-0.017457997328362684,434,432,11
-0.013728801213508739,-0.005177297008177588,-0.014600563854801143,-0.012821475402339633,768,432,12
-0.01235290552459576,-0.003080437697441605,-0.01619158816505241,-0.009608756799788109,768,432,12
-0.010896130887519867,-0.005472782263422828,-0.012147535259699725,-0.010670701384994853,768,432,12
-0.010870022635253412,-0.006302536636167522,-0.01205991749295305,-0.010790761240079412,768,432,12
-0.006890698622051928,-0.008253612220426733,-0.008099756994600192,-0.010957449733413137,768,432,12
-0.006151702656462119,-0.00797676850894221,-0.008124113373891228,-0.01057852717188315,768,432,12
-0.007104796208229119,-0.007615316674933293,-0.00472208204166967,-0.011923681230837082,768,432,12
-0.007518215760127436,-0.008159779792643419,-0.0035262098657450258,-0.012692338719949531,768,432,12
-0.008700243399320694,-0.007280193704191166,-0.003988729324638548,-0.011023890821163031,768,432,12
-0.009856760412363478,-0.0071667930021595844,-0.0021443676446282743,-0.01102516453571878,768,432,12
-0.009434051796861818,-0.007582514341151059,-0.0012772846382863986,-0.010744102993276787,768,432,12
-0.009387918459342894,-0.007505331950098017,-0.003903922267371173,-0.009684158476386479,768,432,12
-0.011378127124895578,-0.0067588691024705865,-0.00570567095340734,-0.0045416337025318415,768,432,12
-0.012123954295630924,-0.00668159649490059,-0.0060701652152788345,-0.0041593080459745935,768,432,12
-0.01222966219848188,-0.007688669539071228,-0.00942486596452563,-0.001990029456017687,768,432,12
-0.016695988749483505,-0.006713550759310523,-0.009864122615480178,-0.0021478126745544104,768,432,12
-0.016799004358533293,-0.006392376183481904,-0.009892492680532362,-0.0021176213000725745,768,432,12
-0.01677684540723183,-0.00630676215953105,-0.010956666701837337,-0.002298922734418295,768,432,12
-0.0166257578443811,-0.006300201259967077,-0.011535458089236826,-0.0021613769075856442,768,432,12
-0.016304241478011777,-0.006234400208170894,-0.012171800959114135,-0.0029125670899742633,768,432,12
-0.016341662661931447,-0.0062216663898494555,-0.012143965354487234,-0.0030847986060792074,768,432,12
-0.013846665447003437,-0.0062556715625186,-0.012085485871085981,-0.0038680245903800043,768,432,12
-0.012427106709936653,-0.0061849800195216366,-0.012109378298277565,-0.003947696165764413,768,432,12
-0.013736489931708002,-0.00633693253533685,-0.005176275062799668,-0.004925343506453447,768,432,12
-0.013260555525079475,-0.006354761774148855,-0.00578121601101665,-0.006961999919746399,768,432,12
-0.013175701265587186,-0.006288862340012013,-0.0059065738282136696,-0.006930313092228252,768,432,12
-0.01308532051285439,-0.006291462515718205,-0.006070879185270115,-0.006996117872252116,768,432,12
-0.008194712178914734,-0.005333427366903707,-0.009381278830489916,-0.005140049264568273,768,432,12
-0.0071143191584607844,-0.005175944937845487,-0.009861332111335544,-0.005027489670916051,768,432,12
-0.006973474620972559,-0.004953075304083519,-0.009701369306201255,-0.005084459602502802,768,432,12
-0.007031306713879116,-0.005039260692565406,-0.009487586088627755,-0.005195698797247055,768,432,12
-0.012987085616264538,-0.008619902963111438,-0.0023372724294712962,-0.010489579435140216,768,432,12
-0.014779948973220996,-0.00970804593977589,-0.0007152317318999715,-0.0114821467767915,768,432,12
-0.02076013841033026,-0.011609555768899722,-0.0014787324664722798,-0.01288181823975392,768,432,12
-0.021284618371535287,-0.01183352138600461,-0.0017082587614255617,-0.013071902367005317,768,432,12
-0.02138911915747784,-0.011907301686609183,-0.009144415839028279,-0.008719987489649049,768,432,12
-0.01765734210930556,-0.016309180601604793,-0.009566933778238413,-0.010434993722457145,768,432,12
-0.01740510399683739,-0.017075894841309266,-0.009666336083740332,-0.011176144489681492,768,432,12
-0.013776239655520812,-0.015280499394469292,-0.00794513931770574,-0.011541386472514447,768,432,12
-0.012142612395393177,-0.012248033987164422,-0.010546529990976586,-0.009671874685979616,768,432,12
0.001270617689136132,-0.011373337961794355,-0.01779083491176834,-0.007929075045706857,768,432,12
0.0016276928742404713,-0.011317621064260529,-0.018092184300559404,-0.007995532610243966,768,432,12
-0.00019346923122132197,-0.007244157338345235,-0.027013968955308353,-0.0035320195025151974,768,432,12
-0.005902634363350919,-0.00774651184324265,-0.021545969051459717,-0.0054378108033579465,768,432,12
-0.006155183180683152,-0.007916007493755399,-0.020420541424345587,-0.005825700153245475,768,432,12
-0.009287106888043913,-0.010602281124363667,-0.02013176532316712,-0.009073781599188027,768,432,12
-0.010473813382245088,-0.010733517099072354,-0.020177512101895615,-0.009100139289464886,768,432,12
-0.013216514944018485,-0.01258215172472512,-0.018514747425141347,-0.01127153742184948,768,432,12
-0.014832406320907307,-0.012842312436906417,-0.01767159554813476,-0.011741647461170644,768,432,12
-0.00785319148490543,-0.013856404649243915,-0.015096454712336775,-0.012141020214117308,768,432,12
-0.007165589313834141,-0.013973599218453803,-0.015199172028710671,-0.012333695002890475,768,432,12
-0.006486267504746668,-0.013980550223390767,-0.015355022144924175,-0.012389861503638445,768,432,12
-0.0036008494306094254,-0.014422803089544621,-0.011743192004961335,-0.012708470537585304,768,432,12
-0.00472639341773968,-0.014601091809335992,-0.008849007989553584,-0.013204438190937647,768,432,12
-0.0071071366984455445,-0.01574294069148281,-0.008837384506192083,-0.01596791339148277,768,432,12
-0.008694997175318755,-0.017986629841190326,-0.015849838582556192,-0.01552380414043438,768,432,12
-0.009275674002045622,-0.017642567096859615,-0.019062282091580042,-0.012840470245038352,768,432,12
-0.0034476391370885286,-0.015961657428937955,-0.02375787007273595,-0.005831425034402512,768,432,12
-0.00447929844513403,-0.016076603447781165,-0.022212808118477777,-0.007339457343656482,768,432,12
-0.004784469254463759,-0.01701184010309069,-0.01756721382647947,-0.009905220683534569,768,432,12
-0.0051183638581095,-0.017183033992474107,-0.01614923225589523,-0.01079779829636157,768,432,12
-0.005060906366674944,-0.01715136400492558,-0.01720762795354212,-0.011123956907707499,768,432,12
-0.005337469559666307,-0.017176957896746402,-0.01749727072782327,-0.011136389053089401,768,432,12
-0.005546107125433697,-0.01734866995576035,-0.017584246083571772,-0.011521105995495882,768,432,12
-0.005591981411719187,-0.017188803348220514,-0.017492705469272694,-0.011792904570813341,768,432,12
-0.007462681924806187,-0.0167077668770489,-0.02013352274537034,-0.010764687395817676,768,432,12
-0.007607066261879676,-0.016570470122073685,-0.020536868585015203,-0.010786674875017445,768,432,12
-0.01085553907204425,-0.015926814590511425,-0.02048135221888255,-0.011130765866748186,768,432,12
-0.01179700714333784,-0.01602849058848499,-0.020291402707247858,-0.01148345547648607,768,432,12
-0.01366518480595626,-0.014916853060453133,-0.02650620951063831,-0.010286379552780313,768,432,12
-0.014137181970652299,-0.014833117755181612,-0.027998298807690794,-0.009897075759904693,768,432,12
-0.01990184493082235,-0.01459321621820279,-0.023254186116135212,-0.010226573140546202,768,432,12
-0.021082665092826434,-0.014529913652634877,-0.022036496596631212,-0.010296192191230076,768,432,12
-0.02348328640597748,-0.010989631045790682,-0.021392289555718483,-0.008945022601760473,768,432,12
-0.023441708408291476,-0.010373857252832557,-0.021471178624283375,-0.008429014302305294,768,432,12
-0.0047301649047842695,-0.006919042030115661,0.007527684804540046,-0.010069117319127189,1102,432,13
-0.004424496297311017,-0.006774347661207565,0.007513006440268934,-0.009936322858471607,1102,432,13
0.0002655741754848273,-0.0096532610038294,0.006873296915304555,-0.011332223966599619,1102,432,13
0.0016266297330050788,-0.010474586904242739,0.00654490269441892,-0.011912388588748397,1102,432,13
0.001954149011590907,-0.01070778650685006,0.00629894019803637,-0.013243079691323576,1102,432,13
0.0023006088315377445,-0.010853637599588153,0.00636734536446972,-0.013487351021475193,1102,432,13
0.00358538290802954,-0.010733787849524033,0.007360511618138896,-0.01310019545733138,1102,432,13
0.0040530828880225985,-0.010711486567824259,0.007449950700904931,-0.013084462211171204,1102,432,13
0.0046042187374800035,-0.01088988428325125,0.007254011491715948,-0.0138162589986648,1102,432,13
0.004564241134362948,-0.010942629963601248,0.007021611717686094,-0.013813284188194252,1102,432,13
0.00367624608021164,-0.009895094074930048,0.007065345562616781,-0.012522262950927936,1102,432,13
0.0026725971765615936,-0.00978817765744859,0.006755589858833011,-0.011584925130964447,1102,432,13
-0.0009199136424383815,-0.008174822658579595,0.006111357598314211,-0.010515250464690443,1102,432,13
-0.0016262516736898127,-0.007023131833378321,0.006002218750032842,-0.009810523427170875,1102,432,13
-0.0019943806105420345,-0.005822038305812359,0.007446147714577847,-0.00672737525625037,1102,432,13
-0.001602327936520336,-0.005541052955428602,0.007500611316176172,-0.0064744999116101674,1102,432,13
0.003784791820346613,-0.005118008599452326,0.007017751654501577,-0.0061097586511030776,1102,432,13
-0.003589150011948121,-0.010552943301551146,0.007432637092862423,-0.008818392864329682,1102,432,13
-0.0034627167811969563,-0.01085682910342077,0.007022413537183117,-0.009241555164443888,1102,432,13
-0.0034561529285881774,-0.01113830087193143,0.006929104445934422,-0.00980825473500123,1102,432,13
-0.0035781542328677507,-0.010876162150433747,0.006805548632197101,-0.010203762370567093,1102,432,13
-0.0035714980211219755,-0.010833625874938399,0.006716892768968018,-0.010366875376483467,1102,432,13
-0.0041101094507552,-0.010171694967614307,0.00489893117883395,-0.008373737234817989,1102,432,13
-0.004261597948668076,-0.010105945352245715,0.00454297425224928,-0.008287121048690645,1102,432,13
-0.005466804464189471,-0.010576113423946145,0.007402532526279282,-0.011447383632443431,1102,432,13
-0.00524304377484823,-0.010710895429282106,0.00801622868659012,-0.011743470075044614,1102,432,13
-0.0051884316311780415,-0.010808482160672773,0.009024633680187272,-0.011427107666170964,1102,432,13
-0.0048099397093890025,-0.010815863320805254,0.009485943032710215,-0.011299914902839044,1102,432,13
-0.002743722601918681,-0.010824985458706577,0.007119614206837472,-0.010991983241949282,1102,432,13
-0.0023509951607563555,-0.010314537989469902,0.008243117288996368,-0.010096942880982564,1102,432,13
-0.002337950354457345,-0.010035481617567671,0.008980496275231686,-0.010014447203532473,1102,432,13
-0.002268474634692606,-0.009183511216705664,0.007914501513134239,-0.01048264557037098,1102,432,13
-0.0020432679977268157,-0.00910140116254038,0.00740631292188445,-0.01050737877425369,1102,432,13
-0.0019828084109319278,-0.009131813467462882,0.006994159973315232,-0.010407848826434859,1102,432,13
-0.001778986970170993,-0.009257504451956196,0.006273933815146508,-0.010403885616115126,1102,432,13
-0.001668808006009624,-0.009434942963750286,0.006520805109962939,-0.010641938663037497,1102,432,13
-3.885368789210015e-05,-0.009986167676503462,0.006288693385467184,-0.010865086718822536,1102,432,13
0.0005908211747023822,-0.009950691327505238,0.006332499755870777,-0.0109057300312908,1102,432,13
0.002614012943120603,-0.010270518629378143,0.007170678701887573,-0.010910618518703813,1102,432,13
0.00299583787181942,-0.010289919959864275,0.007126943806115793,-0.010959948324531689,1102,432,13
0.003065521860292867,-0.01001873226208725,0.0093158750309964,-0.010578196761962687,1102,432,13
0.002140287769784173,-0.010289722507708501,0.01197274858277615,-0.010612192104255572,1102,432,13
0.001041403780016431,-0.010054139015917243,0.012089524115707705,-0.010075188930417839,1102,432,13
0.002327734625499494,-0.015101632643962708,0.033056538152046934,-0.01119875571781169,1436,432,14
0.0020093810857448238,-0.01515098737767643,0.03385235999654765,-0.011335210113037824,1436,432,14
0.003991664626733577,-0.015044384099310654,0.03132121759901869,-0.012932093783961379,1436,432,14
0.004759192928843427,-0.015030408836248703,0.031155722705681742,-0.012977931452679184,1436,432,14
0.00859733651994444,-0.015696555958820583,0.034238038079425805,-0.01189443571945823,1436,432,14
0.00880042505092225,-0.016125989558756416,0.028912566321803133,-0.011851428323677695,1436,432,14
0.008616591162211617,-0.016822526854917065,0.017826061511183555,-0.012644441169011814,1436,432,14
0.008147288441153101,-0.017092763244431416,0.014051946673253294,-0.012785506841331385,1436,432,14
0.007199390291759823,-0.01793088527488487,0.019365976587141835,-0.013171815843660159,1436,432,14
0.006601435667477273,-0.018175787899373932,0.02012636618299095,-0.013442408136390513,1436,432,14
0.004560064759292007,-0.017989007419476254,0.021431598147586908,-0.012380271753274986,1436,432,14
0.004008989931153834,-0.017810553997809387,0.02248886180048244,-0.012105924492020442,1436,432,14
-0.004531102539903602,-0.014257416601698932,0.02185141911559557,-0.010825653650491004,1436,432,14
-0.003884891348388174,-0.01429057190187781,0.022109408572839235,-0.010525449348239473,1436,432,14
0.0013859113171176133,-0.013745203357070595,0.029844229824428876,-0.00865892935700001,1436,432,14
0.0014453594606356663,-0.013729035646158651,0.03169580048952611,-0.008125028105948182,1436,432,14
0.0058316280795835404,-0.016051233401543873,0.026500316606839543,-0.010139415066163667,1436,432,14
0.006469436999426231,-0.01608972797082387,0.02395443682460475,-0.010221354166666466,1436,432,14
0.01329480011395189,-0.01178655877225355,0.021694120598341363,-0.008875707974075213,1436,432,14
0.009973847564210318,-0.00446112381761213,0.0195725721628266,-0.010465342396729155,1436,432,14
0.00821178692557765,-0.004477216765071691,0.020541178466689645,-0.010525092163350075,1436,432,14
0.003929912260418132,-0.005133428079264412,0.019662530441841988,-0.010762828524918285,1436,432,14
0.0030933387399053043,-0.0054941684406979675,0.02013835015612247,-0.011076178544336705,1436,432,14
0.002481562826547038,-0.0069874642274448,0.019906660836549704,-0.011764731161077341,1436,432,14
0.001968623282139038,-0.007240916801452121,0.02040954458041019,-0.0118253311702966,1436,432,14
0.0034174329439230723,-0.00795229836428848,0.022504601200611946,-0.012066594853535614,1436,432,14
0.003710690745282124,-0.008218545190539028,0.02324395173006024,-0.012089114728271348,1436,432,14
0.004474254559440147,-0.010338040467144096,0.022728168651522784,-0.012483211211840848,1436,432,14
0.004761790870946635,-0.010863459348727322,0.02272631265867992,-0.012582061373070708,1436,432,14
0.006506536087129405,-0.014269303646328127,0.02921955537940943,-0.014969058352951925,1436,432,14
0.006863189397845236,-0.01505029529919908,0.03052728645744163,-0.016092810258962937,1436,432,14
0.008395517442649353,-0.01718110947504471,0.03143522110162957,-0.01657281699853501,1436,432,14
0.008110019539956726,-0.020285568762732874,0.02982901035890975,-0.021898628729072767,1436,432,14
0.008193821216816036,-0.02047423874778178,0.029747156799593746,-0.022257400981925652,1436,432,14
0.008180675867443405,-0.020565362262365543,0.02967844694759022,-0.022584075127578505,1436,432,14
0.008067367618087096,-0.02102932418230295,0.028479043628595414,-0.02253822755850562,1436,432,14
0.007759992287067415,-0.02168366030784022,0.027749133723595373,-0.023061377999993294,1436,432,14
0.007304369315986304,-0.022162118760847564,0.022867540029112485,-0.023457005366181987,1436,432,14
0.0070951005911239024,-0.02248496124774614,0.022038875651348527,-0.023645281945129652,1436,432,14
0.005200711987375006,-0.022650904600557815,0.022849474909953187,-0.023737249867330452,1436,432,14
0.004725328087128433,-0.022619269198335245,0.02367978914372096,-0.02359144426788726,1436,432,14
-0.0003174619671834916,-0.023479609733283294,0.018340062973422073,-0.020572958636779867,1436,432,14
-0.0003513789623664167,-0.023282571665823315,0.01632851265590134,-0.020473963583192173,1436,432,14
-0.00043865592377613364,-0.023067569833721553,0.01421040278365116,-0.019484966053425833,1436,432,14
-0.00032208458455900405,-0.022609528473978818,0.014027807070199466,-0.019368473423211293,1436,432,14
-0.0002796390744720304,-0.022780873080944935,0.01657311196974573,-0.018971715452615796,1436,432,14
-0.00010743118320822131,-0.022786128071431256,0.017341735954116512,-0.01906830186846805,1436,432,14
-0.00025562456809650986,-0.022050334556800173,0.012865033996717366,-0.017048920173525578,1436,432,14
-0.0010950487836849908,-0.024956387162826076,0.011505349520186238,-0.019355434476541845,1436,432,14
-0.0013159810881814321,-0.025286136359749908,0.011064269609969129,-0.019721093134971,1436,432,14
-0.0006595171366426979,-0.02678123643102403,0.010407664185406272,-0.02030154981280602,1436,432,14
-3.076168424339504e-05,-0.027072516513620748,0.01047078915992573,-0.020647214255791822,1436,432,14
0.0010155442572677407,-0.02670399787571382,0.013818635329320504,-0.01945137009262583,1436,432,14
0.0012101148247264286,-0.026563731134431223,0.013895559971776062,-0.019213689709414505,1436,432,14
0.0010686509096274153,-0.02446170220414173,0.023647052987773712,-0.018499082327415886,1436,432,14
0.0011671445121390256,-0.023336639357242277,0.023241652157423447,-0.016430747814993825,1436,432,14
0.000934287296600266,-0.02272287985345657,0.02289614936577052,-0.015899100947545035,1436,432,14
0.0025885595536654974,-0.022729885537115743,0.024124305909783365,-0.01643612105343147,1436,432,14
0.003348835898744596,-0.022718902641698062,0.023971087435590555,-0.016474304557039996,1436,432,14
0.007460584529036918,-0.02222314306325259,0.023764298751677047,-0.016066974899785084,1436,432,14
0.006983770053197969,-0.022200047888233224,0.02511630618047225,-0.015721789139863374,1436,432,14
0.007028028959910441,-0.022145443778421845,0.02532382406413362,-0.015158958368174677,1436,432,14
0.0067429741734434424,-0.021317500045483016,0.022750349083762462,-0.014520430019479535,1436,432,14
0.006738325701850857,-0.021103994629210088,0.022100503324092267,-0.014194062390654658,1436,432,14
0.0066177129783417474,-0.020826391461951636,0.019784562542152582,-0.01451972616731163,1436,432,14
0.005977801087889977,-0.020676632947543315,0.01865659182343532,-0.014181562606031104,1436,432,14
0.004663688000423049,-0.020639090695310648,0.014470663017110537,-0.012678207739307938,1436,432,14
-0.023987349287943903,-0.016964689910802657,-0.010520618283553438,-0.01172150852881347,100,608,15
-0.01920676864033122,-0.017080293037692533,-0.014957775355126752,-0.013665543930444998,100,608,15
-0.0171248397016899,-0.01767156588104893,-0.01582563734042926,-0.015138959473705223,100,608,15
-0.01639864404245214,-0.017952470873859885,-0.015667043054033103,-0.015423651893912588,100,608,15
-0.016247002958362147,-0.01969387341866751,-0.021072787821123547,-0.016479759536372086,100,608,15
-0.016984662206829843,-0.020429585018938757,-0.02191072044532687,-0.016950745185731045,100,608,15
-0.01984282969033992,-0.021210859058508624,-0.027273652526040377,-0.019213603586045402,100,608,15
-0.020543047667633367,-0.02137630725503752,-0.027916344170991363,-0.020043787244867987,100,608,15
-0.02217419773250845,-0.022617452668638113,-0.02404261632528411,-0.021792837788958453,100,608,15
-0.021956318928464526,-0.024102420201245738,-0.023703988519131077,-0.023016977606888523,100,608,15
-0.02094473637416469,-0.02586485157472575,-0.026206792753558444,-0.024004675472608886,100,608,15
-0.020702830491398212,-0.026286332048587914,-0.02665008936371479,-0.024305685610764117,100,608,15
-0.025324554494976163,-0.026223044137952272,-0.028577842546041503,-0.02432958896314119,100,608,15
-0.02560707840567955,-0.026194147248483055,-0.02884210754060764,-0.024453453339752348,100,608,15
-0.0294927747066238,-0.025278359159181706,-0.023993623560813825,-0.02266777627090742,100,608,15
-0.031564322641544816,-0.02463169487040016,-0.02382105585220534,-0.022214498156134486,100,608,15
-0.03616765387746965,-0.02322431542680034,-0.02226874295013728,-0.02187217467301509,100,608,15
-0.03655500659613544,-0.022842442898161227,-0.022056393662705943,-0.02160717205531814,100,608,15
-0.03710090422941998,-0.020481669893718996,-0.02540616433776827,-0.018239706513510572,100,608,15
-0.03704721009637572,-0.02015419908001474,-0.026373510310623134,-0.018017562653710538,100,608,15
-0.037516051097304534,-0.019545993197275787,-0.028297035513853538,-0.016838150170963965,100,608,15
-0.03751003460778891,-0.019476580412033245,-0.02863832017389402,-0.016666541372763168,100,608,15
-0.037592540175286716,-0.0202181625448621,-0.02898310912451111,-0.017865539175656107,100,608,15
-0.036559754135555275,-0.020250453776659762,-0.028962932398046502,-0.017901160941475827,100,608,15
-0.03649136793447704,-0.020195098758626906,-0.019755456630244566,-0.01734202077431519,100,608,15
-0.03671916055166282,-0.02009099146349054,-0.019095916988583796,-0.016706816134564616,100,608,15
-0.03449862443365861,-0.020144261162056483,-0.005861875995155063,-0.016099186990109877,100,608,15
-0.03497348412539518,-0.02030064257863324,-0.0031368128146932457,-0.016094314269826257,100,608,15
-0.03700872547328419,-0.019466430485861143,-0.0006239252408867369,-0.014047464806010688,100,608,15
-0.03670422649798603,-0.019414620683121424,-0.0012589179180349083,-0.013828408013780007,100,608,15
-0.037661220182768115,-0.01920040147895926,-0.001549068170619934,-0.013724713866731107,100,608,15
-0.038182369044655905,-0.019084666447164306,-0.0013621785388826366,-0.013631468357671655,100,608,15
-0.03741577262346045,-0.01913099515901987,-0.004225582891989807,-0.013785399591876295,100,608,15
-0.03686512835905259,-0.019170310271096547,-0.005476024987373288,-0.013815636103040131,100,608,15
-0.03501555171358414,-0.019739715602174124,-0.00734338846238305,-0.014626199513866277,100,608,15
-0.03317903861006496,-0.019918452100438182,-0.008074418584523643,-0.014689632266949882,100,608,15
-0.024513632369516623,-0.015925544896309922,-0.01028844520471654,-0.015035202238401438,100,608,15
-0.022364654893589686,-0.015444207257908014,-0.011203067288921901,-0.01511797057089861,100,608,15
-0.011528358406841126,-0.01505938298868481,-0.00704840685217371,-0.014589065761554188,100,608,15
-0.009317759517821269,-0.01488528456826356,-0.007590189455765421,-0.01410026018520055,100,608,15
-0.010351132014332257,-0.01478937980170448,-0.008513752869659824,-0.014120175317919571,100,608,15
-0.010483502810003785,-0.014784324848630017,-0.00850022395297874,-0.014106191306327533,100,608,15
-0.010825422890339699,-0.016107932544749966,-0.009812406248758484,-0.014348597314997056,100,608,15
-0.010619505705155378,-0.01631958403965671,-0.009528075470160054,-0.014467206035552656,100,608,15
-0.009089457435860652,-0.016488685534893334,-0.008169268725266044,-0.015262034565759528,100,608,15
-0.008689006061100714,-0.016652865299704004,-0.009996071384868636,-0.01571912977954633,100,608,15
-0.006442657587070617,-0.019100842920402747,-0.0012213573823963307,-0.01807617486362167,100,608,15
-0.006136756231953889,-0.01963412096987751,0.002016718890889484,-0.01891321854713118,100,608,15
-0.008777926557281168,-0.02172323058099397,0.009132611842146938,-0.021196343800426558,100,608,15
-0.009098955139888627,-0.023591297171990162,0.01110870011498245,-0.022164110124375292,100,608,15
-0.006166088936533538,-0.02462617078380895,0.01929327322017177,-0.027293486417058706,100,608,15
-0.005449602371162189,-0.024477655555323635,0.017180495033340508,-0.026831573131067047,100,608,15
-0.003431791468247186,-0.02600378125517727,0.018958657419185714,-0.02663990916559951,100,608,15
-9.246763105751157e-05,-0.025324374762768727,0.014445493621538326,-0.026399534779522567,100,608,15
-0.0012992332534907823,-0.029209150214370597,0.038513467453567034,-0.03199653785532906,100,608,15
0.0009143147538232141,-0.029236269397696097,0.03250799792305166,-0.03128465068756975,100,608,15
-0.011868469131512523,-0.018147437509240406,-0.01719013261231246,-0.019669346536076764,100,608,15
-0.009018399474670619,-0.016284442313175763,-0.020988996577558715,-0.01892347523701104,100,608,15
-0.0055157307302032684,-0.015805673532014525,-0.007518461909912107,-0.018965803320431535,100,608,15
-0.007217881318527851,-0.015758409044228944,-0.00812551035291216,-0.01887579167913141,100,608,15
-0.015164098068353938,-0.019825413778804125,-0.00668315840710055,-0.02380178515364079,100,608,15
-0.022344669026288205,-0.02212685777011405,-0.011553057890995557,-0.026441728254395464,100,608,15
-0.02103749566147213,-0.02143071182041404,-0.011471205988723502,-0.025655327337429302,100,608,15
-0.015604258158659469,-0.018608437016796223,-0.00880487410651504,-0.024720874423603562,100,608,15
-0.014652936423354142,-0.01829529866232138,-0.008146560986367735,-0.024604649919444496,100,608,15
-0.013986277768149135,-0.01814968253857553,-0.007737098627830811,-0.024408072216551398,100,608,15
-0.017673323919037053,-0.019769968394862683,0.0001607676279087091,-0.02647827825994268,100,608,15
-0.01750936445639829,-0.020223776962386437,0.003803240224044461,-0.02715543420144206,100,608,15
-0.016456204752038538,-0.0181138184514213,-0.004040050500631646,-0.026217046463080595,100,608,15
-0.01491866484718522,-0.018316329845994093,-0.0038229128064790484,-0.02564907352865081,100,608,15
-0.009774548017868439,-0.019719851530286457,0.004999674662218174,-0.026010411867052503,100,608,15
-0.0084145400078127,-0.02068152794008135,0.006585491912121743,-0.026328821366948432,100,608,15
-0.01692649667737436,-0.02327455623531039,-0.005078312100126535,-0.026827590727949244,100,608,15
0.0014706367024038712,-0.03026454925965442,0.01973288370420075,-0.03375830840206325,100,608,15
0.0032672713574806197,-0.027840553702164976,0.02238283756083136,-0.03359783226667899,100,608,15
-0.0202403172992873,-0.016983115018781143,0.0051212380816230765,-0.030844619645536413,100,608,15
-0.015487584366037456,-0.01630497177311635,0.009599113794664436,-0.030069559692509854,100,608,15
-0.025511710187677367,-0.024369996533075672,0.01075462598404173,-0.0266926374777797,434,608,16
-0.02365869027916094,-0.024324650027622036,0.010459671501887265,-0.028370252664919,434,608,16
-0.015590009972888431,-0.021954956818913633,0.01881831174259067,-0.02876332563342483,434,608,16
-0.017443010882952942,-0.02165115324301244,0.0203006998920833,-0.02910798996035988,434,608,16
-0.012398197085031717,-0.02476612386810491,0.01188445910880348,-0.02583842460349253,434,608,16
-0.01409645228754802,-0.024654434626475843,0.013083949203155283,-0.026129012487874963,434,608,16
-0.014392238975152486,-0.024687944187552435,0.014265170331500033,-0.026520267762263818,434,608,16
-0.015407360289142977,-0.02453557083485968,0.012425995398623157,-0.026455271595099982,434,608,16
-0.017994358388878064,-0.0245202861576109,-0.002291115663603642,-0.02636183644432002,434,608,16
-0.01822729044440218,-0.024886745677914032,-0.005426757001704873,-0.02642416060876878,434,608,16
-0.022228058653701713,-0.02572664040085215,-0.005456290077819402,-0.027524242193675472,434,608,16
-0.02430685217305328,-0.025962369646617273,-0.00491709530181967,-0.028203453182048047,434,608,16
-0.037313200646218535,-0.030928125232581316,0.013414055231665644,-0.03331346544683122,434,608,16
-0.03544990070369442,-0.030907794368209063,0.014094210375267697,-0.032933792164678906,434,608,16
-0.028670882161702764,-0.026712788617383788,0.01546207435221243,-0.031365501366343904,434,608,16
-0.025520033132490294,-0.025205074080506606,0.01575209142397044,-0.03074411778730238,434,608,16
-0.024212887836133512,-0.024469909733375476,0.013377670855590306,-0.029649813359824993,434,608,16
-0.023597098191296465,-0.023930680375157064,0.012848422952060177,-0.0290377374964612,434,608,16
-0.025992149755436605,-0.023217467543753395,0.013692964103216446,-0.028777462219145792,434,608,16
-0.026095114799274545,-0.023379270067805907,0.01466281017544265,-0.028959798946935716,434,608,16
-0.02701598046831609,-0.02288142270558227,0.016074950795199296,-0.028956454149418647,434,608,16
-0.02728135157671169,-0.02208922301426242,0.016258568571430817,-0.02868184084865387,434,608,16
-0.02758081854753804,-0.01955869803730384,0.01700477288913968,-0.02628341819650657,434,608,16
-0.027596441800202605,-0.01916622148530216,0.01737244518173425,-0.02614007103511307,434,608,16
-0.028264921704362928,-0.020181213589301798,0.017392359424075333,-0.027949937209111313,434,608,16
-0.028753071021738765,-0.020451177123463588,0.01722980201115768,-0.028281351949547433,434,608,16
-0.02844242755325729,-0.019177900983040733,0.015471010666385046,-0.02810592459605027,434,608,16
-0.02880518046793699,-0.018611609814481934,0.014858251665019853,-0.027621088573189158,434,608,16
-0.02869918177939175,-0.01846987661472022,0.01397484178648987,-0.02543396759230985,434,608,16
-0.02866089076494831,-0.018344778121050596,0.0134164744994389,-0.024886555101770114,434,608,16
-0.026565188309755558,-0.019344645487630218,0.01396959511028944,-0.0251333543177112,434,608,16
-0.026036119331431566,-0.019409363101017287,0.014904162747251327,-0.025162562489110103,434,608,16
-0.020693018300764327,-0.020338962328688887,0.014605296923767597,-0.025536439865671817,434,608,16
-0.018891446586864265,-0.02060495585049764,0.01403950661790321,-0.02551986899643833,434,608,16
-0.026893790060730834,-0.0210615899818829,0.0036416200190619802,-0.027073970900320304,434,608,16
-0.025846977528749857,-0.021313519853536696,0.003279444123487816,-0.027475446787957047,434,608,16
-0.02541558645112037,-0.02116316022377326,0.0037164272494152,-0.02557951920784662,434,608,16
-0.02548889511642142,-0.021127247311423212,0.0038170357295843186,-0.02543634467203217,434,608,16
-0.025354005831433376,-0.020974731379450978,0.012629561675176862,-0.02366031945725093,434,608,16
-0.024604467509150203,-0.020599419463719387,0.01297110820473894,-0.02305847543734583,434,608,16
-0.0210073930144974,-0.01968259602841171,-0.000824316502495552,-0.01753346439242619,434,608,16
-0.023006284262895006,-0.02058613248145805,0.0002542164735403672,-0.018159921195500552,434,608,16
-0.023004794196084345,-0.020514871657660187,0.0013813344625430077,-0.018234418006993894,434,608,16
-0.023004403089560133,-0.020489079954297534,0.0016754071960222716,-0.018284186108607856,434,608,16
-0.02293228200625248,-0.02062131677073129,0.0026381142368595407,-0.018516436541515104,434,608,16
-0.022845200480168602,-0.020812100418969186,0.0032512717577349868,-0.018779561644350445,434,608,16
-0.02142481740944162,-0.020598056349745247,0.007859171299877576,-0.019091393656358653,434,608,16
-0.021120199618260366,-0.020740104874137192,0.008430892513421427,-0.01930850122932456,434,608,16
-0.017095951719067633,-0.020289700941311318,0.00938210644625091,-0.019487806896349064,434,608,16
-0.015732656777816434,-0.0201328624635578,0.009874989916852785,-0.019486089446165613,434,608,16
-0.015775179997224054,-0.02027781267779537,0.008408031956696824,-0.018732983420287303,434,608,16
-0.015743223777893216,-0.020232719570448497,0.007424788867693609,-0.01873369905479425,434,608,16
-0.016613611831869105,-0.019851091421587735,0.006136909330088927,-0.0178784439668705,434,608,16
-0.022984574671514324,-0.016661794507721046,0.00767763021177637,-0.0174325719935268,434,608,16
-0.02406915354013701,-0.017153524749939482,0.007792051022593983,-0.018233166365059908,434,608,16
-0.02717721521064921,-0.017048654403449937,0.008610308064381794,-0.018744411484461636,434,608,16
-0.027882137769765284,-0.016843021266407663,0.009481655932299125,-0.01877131318821996,434,608,16
-0.028508156190696774,-0.016708801431634755,0.00996601495509571,-0.01880715214537159,434,608,16
-0.030997838882717337,-0.017218487261659973,0.007410788785998759,-0.01972402363566156,434,608,16
-0.0315791201360299,-0.017302393879512046,0.006620092258393419,-0.02004286605457899,434,608,16
-0.027881572197084207,-0.016378133194477354,0.004535570622380859,-0.018379425210466323,434,608,16
-0.0266164838137209,-0.01617808755390458,0.004093661611386609,-0.018334696298097287,434,608,16
-0.029325604447423822,-0.015931684689684575,0.011560992436763173,-0.015406916577853593,768,608,17
-0.028358850418258495,-0.016401581934225404,0.010641403253799916,-0.016063957110069697,768,608,17
-0.02751672162742528,-0.016471111530813418,0.009858398487931337,-0.015985581640347003,768,608,17
-0.027701262783269058,-0.016342698797247375,0.009528556538196117,-0.01606070905047089,768,608,17
-0.02759346181190467,-0.0163820625755759,0.009353519785298187,-0.016199968596403876,768,608,17
-0.027338576081350253,-0.016633450931852468,0.00408349507739906,-0.015849368216309175,768,608,17
-0.027118805614665068,-0.016521216703488766,0.00351149297608484,-0.015730626753395517,768,608,17
-0.02773897040132609,-0.016645394409061837,-0.0003509483049221405,-0.01567189952579603,768,608,17
-0.027952678193635984,-0.01668769822398756,-0.002024054551084518,-0.015493796618424368,768,608,17
-0.026331700270723027,-0.01657337816614792,-0.0057584063977574595,-0.015120467681314354,768,608,17
-0.025739151155539392,-0.01641417366952832,-0.007381392215017641,-0.014976775355620085,768,608,17
-0.024950414074675315,-0.01578415525761029,-0.007665848861535917,-0.014574964808839321,768,608,17
-0.02437237500221309,-0.01565385418226151,-0.007686016337851921,-0.01438380025602608,768,608,17
-0.02195991540690171,-0.016389188353799402,-0.002706762866603013,-0.015155064379638492,768,608,17
-0.02154241104488096,-0.01629214327263869,-0.0016840744324429103,-0.015276117346505552,768,608,17
-0.014726456817923884,-0.01697636366581885,0.0064995864479370415,-0.01693468470220343,768,608,17
-0.012711855701593451,-0.01710242978871372,0.008515574274659203,-0.017091361512516084,768,608,17
-0.011163578437660457,-0.01685164646909166,0.009310175929576229,-0.01708918124782153,768,608,17
-0.0111980471350197,-0.01692659911943465,0.009284505497130412,-0.017238074658760243,768,608,17
-0.011435883751656963,-0.016437077521582185,0.010568813905666092,-0.016943315691069348,768,608,17
-0.011364307736508619,-0.016424735958990817,0.01139596027691991,-0.016974252599372908,768,608,17
-0.01387969074109015,-0.01631901080251091,0.019286000081995762,-0.017096266788863227,768,608,17
-0.014474581052808397,-0.016237158082776593,0.02147948340180717,-0.01709790924957438,768,608,17
-0.014418251555677145,-0.015643760463923857,0.020265840023864647,-0.01611123360873682,768,608,17
-0.014376373638189815,-0.015536681247123492,0.020119408746162245,-0.015833539559335048,768,608,17
-0.014398739799362993,-0.015276325692523535,0.019502852765294964,-0.01613810731054278,768,608,17
-0.01404792356203134,-0.015264148736696759,0.019096359284152327,-0.016318411013797027,768,608,17
-0.011587165264334223,-0.01415705051626943,0.01850054409686097,-0.01615608075147926,768,608,17
-0.011172839572543648,-0.014452846539843172,0.018890659148161584,-0.01634424892811245,768,608,17
-0.010850738884930973,-0.01420382467663323,0.016290866797615745,-0.016611337378960644,768,608,17
-0.010800979450210609,-0.013885147109041651,0.015760824621402037,-0.016411196913217355,768,608,17
-0.009607024197847144,-0.013517753484907092,0.012927576838261895,-0.016143611081109704,768,608,17
-0.005808893893400295,-0.013323987805657415,0.011896537065085516,-0.016162304802512018,768,608,17
0.000682298548333786,-0.013344982509909804,0.011416327621661556,-0.017184004091692448,768,608,17
0.00046921631840928754,-0.013342515939858867,0.010960348750808565,-0.017522265280476228,768,608,17
-6.903618301815797e-05,-0.015746892010640515,0.010739329392672109,-0.020929145472318382,768,608,17
-0.0005613998796965431,-0.016342054909731073,0.010494546247014663,-0.02174463244479039,768,608,17
0.0037679062427597074,-0.019265139162707133,0.010055140190362778,-0.022290433812008608,768,608,17
0.0036751557547277,-0.019204339272051386,0.009560903419819248,-0.0225602688034715,768,608,17
-0.0001003566960586838,-0.01939933807285558,0.013435191435553119,-0.023389966945239583,768,608,17
-0.0012294389951337918,-0.01946993669151242,0.01422905698061917,-0.024251667791832906,768,608,17
-0.0017629037453901668,-0.019397419798782407,0.012415452329374745,-0.024113329664608774,768,608,17
-0.0011278189308984168,-0.01938174065369951,0.011910674976794319,-0.024113724970163307,768,608,17
-0.0006783070328180743,-0.020368824681876726,0.011904480359476227,-0.024350775596385203,768,608,17
-0.0056236608164186176,-0.018947650997958178,0.01711235413996908,-0.022307241205223545,768,608,17
-0.005837192444004808,-0.018000536888243157,0.019099544597632277,-0.021174173019036346,768,608,17
-0.00587199213704484,-0.018734044681415506,0.018808242828707345,-0.021565092053368252,768,608,17
-0.004615760037126528,-0.018793779999171655,0.018537957185445327,-0.02130688164603944,768,608,17
-0.004054779835794629,-0.018616116911678936,0.017331987013447785,-0.02058134259868986,768,608,17
-0.003840898411193297,-0.018468393847460195,0.013786364525621412,-0.020090294745692672,768,608,17
-0.0012205650790319124,-0.018335973948576337,0.015363945631555798,-0.020419625733560785,768,608,17
-0.0017121304142132265,-0.01820027649580046,0.015497259020949943,-0.020260272653632318,768,608,17
-0.0032547836258571775,-0.016728683385156106,0.012425841626775925,-0.019574575762713882,768,608,17
-0.0036486799675646093,-0.017649521650649255,0.01148832694976988,-0.019333482920924214,768,608,17
-0.008407621911164056,-0.017625454185180477,0.005246431170984886,-0.019321347163315516,768,608,17
-0.008713566075498553,-0.017633142019230056,0.003923687679208003,-0.019301147141932005,768,608,17
-0.009309335165878719,-0.018899579336074935,0.005505871965231939,-0.01983333177150238,768,608,17
-0.008491315021613141,-0.018866084312998122,0.006571140819083738,-0.019854681347736425,768,608,17
-0.008225921918817993,-0.018454309105882534,0.005387327267088283,-0.019306724279741488,768,608,17
-0.00764148643040465,-0.018446888323941365,0.005253271048384608,-0.01922161437032422,768,608,17
-0.0038155713825682343,-0.017132645709097283,0.0026627717049237474,-0.01794077468571856,768,608,17
-0.0014227676203659603,-0.016607552950615723,0.001127179505224631,-0.01729683911585079,768,608,17
0.0005684803334144106,-0.01591938129934222,-0.0014456133681535037,-0.014987004561833052,768,608,17
0.0010169436971427487,-0.015615345619771712,-0.0018278855600870965,-0.014402205074853765,768,608,17
0.0005769107016456514,-0.013083989360561144,-0.003976070168255337,-0.012257473161138824,768,608,17
-0.00024931990267293923,-0.01316492674988781,-0.004694104560622915,-0.01211439066663256,768,608,17
-0.0006514001889917654,-0.01327522515090414,-0.004987450383732856,-0.012161587306515582,768,608,17
-0.0011177916921279246,-0.015077821585745516,-0.003396755449345444,-0.01556599475670031,768,608,17
-0.0011703748203136734,-0.015222435581110744,-0.0035174750421241357,-0.015135304425250228,768,608,17
-0.006747259751483895,-0.015291262006353962,-0.0029734943497703756,-0.014827855498952896,768,608,17
-0.008947038729842594,-0.015518455715140754,-0.0025943620411047787,-0.014887205693337962,768,608,17
-0.010574399932598566,-0.016293496987997987,-0.0013299438785290569,-0.015495275981841512,768,608,17
-0.011038144690065662,-0.016585246168329282,0.0006893866354051401,-0.01568326117055963,768,608,17
-0.009628065119868686,-0.01697211423660712,0.001541597019853691,-0.01591342391968407,768,608,17
-0.008605833834140642,-0.017113307942467987,0.001995456869948343,-0.016157847210433132,768,608,17
-0.009078834497162982,-0.01749297768968285,0.002919522350964423,-0.016108822161847516,768,608,17
-0.008351202934466317,-0.017600487080385384,0.004778928004710922,-0.01633433996284378,768,608,17
-0.009020549174443249,-0.01805482557344526,0.021310628268456186,-0.019965276501349986,768,608,17
-0.009053106009381058,-0.018107918441523693,0.025585331304482657,-0.02059167803296133,768,608,17
-0.010060339104165612,-0.017657040317613327,0.020364905145335135,-0.0201690887497075,768,608,17
-0.010647699945243144,-0.017507730536499965,0.019696207609059546,-0.02002675864180101,768,608,17
-0.009840160856817309,-0.01835348864114768,0.0036496272777617744,-0.019260221029124072,768,608,17
-0.015005319404867991,-0.0178255662894079,0.004094195133647515,-0.019701895063836797,768,608,17
-0.017304556129538,-0.017667243734400352,0.0016981003868878413,-0.01980664121391815,768,608,17
-0.01914421105122987,-0.017284366091642713,0.001596922545281473,-0.018668729468706968,768,608,17
-0.00426460921085966,-0.017320201764147735,0.02977117693881219,-0.018026021294623735,1102,608,18
-0.0037794618355728653,-0.017342876924308172,0.030325484912640876,-0.017991274780265406,1102,608,18
-0.003183482768402464,-0.017206345044572628,0.02959710484790703,-0.017532868660853858,1102,608,18
-0.00281317394538917,-0.01719547404126882,0.029084171203540277,-0.01737349926341256,1102,608,18
-0.0076640579707036765,-0.014541274228133868,0.025686190088926055,-0.013936098398473618,1102,608,18
-0.007511685761538851,-0.014617518406213255,0.025621697960712373,-0.013959543903829103,1102,608,18
-0.00397917071800543,-0.013669270326915811,0.020312882355719077,-0.013783534608961652,1102,608,18
-0.003776924198959096,-0.01375596289633299,0.02175331859595262,-0.014763858186013638,1102,608,18
-0.003697288676580504,-0.01455933025676156,0.023999841052832076,-0.015991051704010502,1102,608,18
-0.0036840185954038923,-0.014678861909405481,0.025241398565354522,-0.016457143163953237,1102,608,18
-0.002416510862039527,-0.019117524753223834,0.025767969207148893,-0.018354064108827377,1102,608,18
-0.002423958325457812,-0.019312117307399637,0.025786104109682354,-0.019354875069239393,1102,608,18
-0.003007708533739394,-0.013423233874412124,0.0238209657271613,-0.012211098528708065,1102,608,18
-0.0028359524507357084,-0.012747400996500381,0.025292523344697677,-0.011790607067990965,1102,608,18
-0.00275961544639318,-0.011281645467959935,0.022824375365923497,-0.009298334238677085,1102,608,18
-0.003185705428345015,-0.011043497316828084,0.0220617290204923,-0.008966792471947111,1102,608,18
-0.002205696479375906,-0.016252071010362835,0.021625046652511404,-0.01052253975215695,1102,608,18
0.0012976243426533532,-0.016538760186658223,0.021375503240636078,-0.011065208556466668,1102,608,18
0.0008676351570745112,-0.017679284611578052,0.024391494591416586,-0.015734846959857156,1102,608,18
0.0006760875230727131,-0.017877119638845432,0.02676048570389241,-0.016865472664042393,1102,608,18
0.0014774294471722495,-0.017725708219796427,0.0316870273600475,-0.017584467350003217,1102,608,18
0.003316362417995885,-0.017519203695013613,0.029048755974164918,-0.019621130840051595,1102,608,18
0.0032592208389104972,-0.016949387335638513,0.029797871179560554,-0.01890729238067934,1102,608,18
0.0026471921311364724,-0.016058221686633314,0.025361082064925107,-0.016008598377580653,1102,608,18
0.002338311290040584,-0.016369145762864995,0.02507843999512604,-0.015889595905543518,1102,608,18
0.002236523156788496,-0.015088755175150296,0.027348072438748285,-0.01405376912027947,1102,608,18
0.001031605638388036,-0.014066896959365005,0.027146584603157546,-0.012445271326349537,1102,608,18
0.001202325578910562,-0.011890008366698417,0.02344586714089143,-0.006985658841894141,1102,608,18
0.0011015676668507798,-0.011401281399109103,0.021983541017054957,-0.005453700862121848,1102,608,18
-0.0012030701899311607,-0.011597044499847442,0.021756288221831822,-0.005997701841148548,1102,608,18
-0.0013085777436282874,-0.011585000005328519,0.021881387161758983,-0.006140641565983741,1102,608,18
-0.001463056232896404,-0.010634097515785689,0.02149976497122813,-0.00596165331015375,1102,608,18
-0.0015829462113094643,-0.009998542974798385,0.020128502091737714,-0.005294694880143896,1102,608,18
-0.0012987883080337217,-0.009511579878724063,0.019635705443613403,-0.004494907990138457,1102,608,18
-0.0012722446086848931,-0.009285168559517536,0.01934575540930296,-0.004148268117954785,1102,608,18
-0.0007950466609265453,-0.010526643290554145,0.021815770413777403,-0.008497183892008608,1102,608,18
-5.536326285717305e-06,-0.011723543546932213,0.023842921224522307,-0.011188321397654835,1102,608,18
-0.0008381893073968853,-0.009104706029010987,0.02607511618615019,-0.005598858116206788,1102,608,18
-0.0031530672157220247,-0.007090926482688664,0.024766930020797738,-0.003188776981737605,1102,608,18
-0.0030191876422771603,-0.00747664242951542,0.02356117993048826,-0.003532190168644072,1102,608,18
-0.0029659169289559433,-0.007495474353790772,0.023111878140229327,-0.003710765482012486,1102,608,18
-0.002574263069366032,-0.0074715643549933845,0.023511726426676056,-0.006093467812561349,1102,608,18
-0.0018999843831114195,-0.00734442202740975,0.023559632527843467,-0.00607563952033003,1102,608,18
-0.00046106684702531376,-0.0097154013460258,0.028104819959054173,-0.009121089188285369,1102,608,18
0.00010416192521763654,-0.010440803952225243,0.02939237712547964,-0.010186928484481089,1102,608,18
0.0005431454765422877,-0.01040589186245784,0.023363908699748553,-0.010410943887069818,1102,608,18
0.0005143398457620182,-0.010428627134340425,0.0230591205997838,-0.0105743755229883,1102,608,18
0.000782772327940802,-0.010310770635459697,0.022183573941731254,-0.009706144162539733,1102,608,18
0.0009651763195786761,-0.010274245433883607,0.021847683802704736,-0.009429760949157066,1102,608,18
-0.000571227420612642,-0.010334630589479993,0.022923212530944898,-0.008598155278795632,1102,608,18
-0.0015060180302410007,-0.010352601983220336,0.02279029672774292,-0.008461698968403123,1102,608,18
-0.0019524692619803873,-0.010775014324462975,0.024050846261376355,-0.009452666352748443,1102,608,18
-0.00223528651721648,-0.010617293233878807,0.024084824696959814,-0.00958138584365898,1102,608,18
-0.002542794796830643,-0.010972946061607954,0.027967114120827374,-0.010927106619947705,1102,608,18
-0.0028418884776554433,-0.01098303975360611,0.0285252699347142,-0.011184499547519136,1102,608,18
-0.0013050192313601152,-0.011624930710929708,0.028159917643344908,-0.012141198873950486,1102,608,18
-0.0012171322870788998,-0.011681374653500833,0.0270877493161746,-0.012350404987862966,1102,608,18
-0.001429432002816668,-0.012508855733212287,0.027161184269870395,-0.012745100120023247,1102,608,18
-0.0018012547208491375,-0.012614351804463188,0.02660773196915492,-0.0128742708767732,1102,608,18
-0.0018742141701375342,-0.01234998275816315,0.02589283440436597,-0.012829162386777082,1102,608,18
-0.0019240678563331825,-0.01230608477106421,0.02583748405676574,-0.0127668435897053,1102,608,18
-0.00360688792656015,-0.013686414721922086,0.02448376573468377,-0.015459807170062682,1102,608,18
-0.004260166475572563,-0.014277577701718148,0.024177503126107735,-0.015586950584038261,1102,608,18
-0.003939718938058925,-0.014826613212124307,0.02455975996995436,-0.015276414401802588,1102,608,18
-0.003170673965723361,-0.015346159882321136,0.025810270213045806,-0.015295444265150563,1102,608,18
-0.00313266777551599,-0.015525042991403847,0.025736583654857946,-0.015494189030806278,1102,608,18
-0.0031012541782007466,-0.015472877186675728,0.025406241112306233,-0.015452237934655201,1102,608,18
-0.0029695667238473,-0.01581655645046455,0.02470560572863864,-0.015725004007908543,1102,608,18
-0.002873103870485199,-0.016235608972178763,0.023306279687325078,-0.01603444130391826,1102,608,18
-0.002738894084420583,-0.017072938351064482,0.025486646411774595,-0.019824983622604774,1102,608,18
-0.0026131689216774166,-0.017307993642692653,0.02657139709099389,-0.020528582477286898,1102,608,18
-0.0020630820747051257,-0.019168639997604337,0.023882079379927038,-0.02080892690097594,1102,608,18
-0.0021033046735411515,-0.01929319037129339,0.023387132963367387,-0.020989975874573824,1102,608,18
-0.0003167287761034409,-0.020523277563808905,0.03260980688736361,-0.021291935693366515,1436,608,19
-0.0003402219154146945,-0.019511286561848473,0.03196833311170878,-0.018696698765635948,1436,608,19
-0.00036619706273187895,-0.019308776337772594,0.031639421516164605,-0.01849561738802649,1436,608,19
-0.000820947048969264,-0.01933154207233158,0.02906110909673724,-0.01841922448357565,1436,608,19
-0.0008401309119649996,-0.019264099519657213,0.02838388268218155,-0.01795940066445602,1436,608,19
-0.0008491471212489738,-0.018849723778858112,0.03223657048976666,-0.01874550434349602,1436,608,19
-0.0007747355069640204,-0.01883609627895833,0.03343936279985975,-0.018844818911336454,1436,608,19
0.0006769588334687825,-0.01621518276179591,0.03285878252222844,-0.011510237328297777,1436,608,19
0.00010843803426749866,-0.015190166012452067,0.03266638967923765,-0.009467605618988406,1436,608,19
-0.0006463885437952711,-0.015168463377817161,0.03166497890295398,-0.009820886075949564,1436,608,19
2.29683432132819e-05,-0.014842196799174024,0.03077462157592479,-0.009931006604875012,1436,608,19
0.00042438939892643334,-0.014608554509818818,0.030402917246785753,-0.01013773892246904,1436,608,19
0.0003920821762301438,-0.014539994896351733,0.030732193153848106,-0.010292065264280127,1436,608,19
0.0006247873326218089,-0.013796414989759666,0.031083575729270792,-0.009365883795440868,1436,608,19
0.0007072697227464317,-0.013300800673620383,0.030082687616020766,-0.00881023755447664,1436,608,19
0.0007868545354794414,-0.013657420416683393,0.03110963885513989,-0.009530587881686868,1436,608,19
0.0008569149135537405,-0.013846693402868877,0.03137043019736759,-0.009887934898796791,1436,608,19
0.002039572252201601,-0.015868288536582224,0.031091301955928213,-0.013450119284642677,1436,608,19
0.0021843907058443322,-0.016536089956742054,0.03157973571745069,-0.01562643080456478,1436,608,19
0.004304776465513744,-0.015482995492369882,0.03236484707476721,-0.013201543256174411,1436,608,19
0.004293084400766475,-0.015309395540881957,0.03272709574304402,-0.012921799328240184,1436,608,19
0.004906613080248633,-0.014859724964295275,0.03445556980900207,-0.012743680288739196,1436,608,19
0.005066551458371471,-0.014730447258869107,0.03455801719512674,-0.012723660965491776,1436,608,19
0.002234659766171175,-0.01487754264598596,0.03252520665718293,-0.012995089194396453,1436,608,19
0.001993672924364535,-0.014890079969424123,0.03209415598856855,-0.013215234544864098,1436,608,19
0.0014755606113131753,-0.014228532688724583,0.0257345583172086,-0.010014374098346452,1436,608,19
0.0013843685073610958,-0.013992757802884401,0.024473043747925066,-0.009789563233178535,1436,608,19
0.001261946738424621,-0.013450952912705354,0.02296933597594285,-0.009590335880160535,1436,608,19
0.0012013810841824176,-0.01319636283917026,0.021535003833613172,-0.009080975591260655,1436,608,19
0.0009863017207976234,-0.012397513751117192,0.019714747691805708,-0.009068505848830828,1436,608,19
0.001187783318525595,-0.012418442952088788,0.019053178128608243,-0.00909560726236735,1436,608,19
0.0018561462634289281,-0.012174229949554001,0.013662689642532118,-0.009226460729432241,1436,608,19
0.0024735880021878156,-0.012711969791986138,0.010449682635834104,-0.009466670178303353,1436,608,19
0.0032879277260072703,-0.011874928822606956,0.0049614103158867485,-0.00920437771498441,1436,608,19
0.0034548098249698547,-0.011011470738969806,0.0025451163418482962,-0.008312542311399244,1436,608,19
0.003211292622185605,-0.010887793343088429,-0.0034682617156615737,-0.00739366984256872,1436,608,19
0.003077174952864004,-0.010890226703163086,-0.005792510333790422,-0.007387198011358339,1436,608,19
0.0014948073200205649,-0.011925944147940975,-0.006363866915994852,-0.008620974505597121,1436,608,19
0.000388178704449094,-0.012273805290331497,-0.005142587930449874,-0.00967397956930241,1436,608,19
-0.001129688593477822,-0.01602489151624376,-0.0025082330872624285,-0.011862179436514532,1436,608,19
-0.0017422181992895996,-0.017228977555467453,-0.0014648856886912102,-0.012799996623471529,1436,608,19
-0.0029930603265776986,-0.017811003516911988,0.0008115333408130415,-0.014125209815446679,1436,608,19
-0.0033831951614612947,-0.01779747805133257,0.0014888847454470812,-0.013996777296573665,1436,608,19
-0.007431092079019982,-0.019479107523376157,0.003567840995003056,-0.014973370706302596,1436,608,19
-0.00812360443146665,-0.01922449330127104,0.003815381701278306,-0.014677491489395091,1436,608,19
-0.009928281076596011,-0.017688796751479573,0.005730873441110299,-0.01277927603160576,1436,608,19
-0.010029327079739072,-0.01728636370920805,0.0071924540665876955,-0.012409057304399694,1436,608,19
-0.01165432318273908,-0.017120552342566753,0.012577927086802028,-0.012431873074216063,1436,608,19
-0.011514704754117798,-0.016845671034341047,0.01321897265214656,-0.012409779082667684,1436,608,19
-0.012158653319559154,-0.015026556046896511,0.014159135736532505,-0.01220803875013881,1436,608,19
-0.012198817905080825,-0.014886803161918651,0.014613196886784462,-0.01226892116656721,1436,608,19
-0.013703157546275498,-0.015101095650716325,0.010141406017722945,-0.013019631287711973,1436,608,19
-0.013239077454445882,-0.014958063665757262,0.00921207394854242,-0.012775759120912625,1436,608,19
-0.013555755936279331,-0.01495055659516482,0.008941785480026092,-0.013132432209021735,1436,608,19
-0.013555620942717613,-0.01501847905868354,0.008662995459862153,-0.013228105676622318,1436,608,19
-0.013213167275505077,-0.012542027058908846,0.003986471769153901,-0.00832831711512174,1436,608,19
-0.013266189251094088,-0.011904601619019357,0.0009871760376393666,-0.007566169952072476,1436,608,19
-0.012636003065463385,-0.012658321793027014,0.0028254407204534628,-0.007754147548656094,1436,608,19
-0.01299596062700402,-0.013053665955523135,0.002211649846329691,-0.007910794509773948,1436,608,19
-0.013262819320652937,-0.013001966207885227,0.0028632097869646703,-0.007649773519070417,1436,608,19
-0.01359717493669539,-0.012858840301629839,0.002777395539653655,-0.007482551274132607,1436,608,19
-0.014122599321629452,-0.012242827682579772,0.002539907730872426,-0.007794394517186927,1436,608,19
-0.014269926681412325,-0.012105772029607616,0.002274041405561168,-0.008079269268436513,1436,608,19
-0.012670520368834655,-0.0075172082790205905,-0.003140978506186325,-0.004886793014191783,1436,608,19
-0.01283612170819197,-0.007385220034734695,-0.0028013548092547195,-0.00479014259473578,1436,608,19
-0.01273916865883617,-0.007736927467692402,4.389750462871886e-05,-0.0050367084930011815,1436,608,19
-0.012691469518913057,-0.007682062193923545,0.0009545346888450051,-0.005079512766073367,1436,608,19
-0.01988755438857719,-0.008113230365690513,0.004938671972980672,-0.005978839810374615,1436,608,19
-0.020383684804565785,-0.008141542836462514,0.005843053605218603,-0.006281028689070019,1436,608,19
-0.02296953598985876,-0.008770186468855162,0.005685418909329122,-0.006978660156786763,1436,608,19
-0.02377122440341762,-0.008887339588305794,0.006137697023798453,-0.0071285066398856555,1436,608,19
-0.029250146206603024,-0.009059067467701236,0.011919037194559015,-0.007505065914274534,1436,608,19
-0.030016263997288583,-0.009031511361958393,0.014106625890778214,-0.007508470502734832,1436,608,19
-0.03180391432302946,-0.009110444177035921,0.010043140404776746,-0.007580772360137668,1436,608,19
-0.03208731017657277,-0.009165927968310896,0.009397202362385513,-0.007582711326521807,1436,608,19
-0.03137880703866881,-0.009535550027188401,0.006279554403100493,-0.007542563305943052,1436,608,19
-0.03040335327360792,-0.009535659804710795,0.00535254846874117,-0.007530737168684214,1436,608,19
-0.031003367717642265,-0.012818912253718678,0.007853912428308333,-0.014652604074551516,1436,608,19
-0.031373379127845845,-0.013298128006060268,0.007389973863725699,-0.015202477154452146,1436,608,19
-0.03114888059681687,-0.015656183270027425,0.009614625194546537,-0.01860089665265163,1436,608,19
-0.03131379185314476,-0.016612597438915595,0.01078784983815174,-0.0199098238431546,1436,608,19
-0.027566557255045806,-0.017822454633804753,0.011689510155770346,-0.019547628173249412,1436,608,19
-0.027052014608231294,-0.01795303338505797,0.011787998074016042,-0.01989777709260816,1436,608,19
-0.02586959848386775,-0.017769504635183106,0.0145882980389501,-0.019711133497847234,1436,608,19
-0.025898789980270138,-0.017791722021973492,0.015298239300588228,-0.019815462613582642,1436,608,19
-0.023871364967546424,-0.013515790333300044,0.01051498985489548,-0.016096916206207457,1436,608,19
-0.023522463141220838,-0.013057908917240945,0.00914944302209261,-0.015157301751471257,1436,608,19
-0.02387852147164007,-0.013284615202467601,0.008372301242446083,-0.014397192613211636,1436,608,19
-0.02462994100255286,-0.013464761602427693,0.008254970973887787,-0.014592391823834108,1436,608,19
-0.026289287762117697,-0.01563949436091983,0.01019208574046566,-0.015084798671507341,1436,608,19
-0.02639833953981543,-0.015773296880886196,0.010199379500585037,-0.015063939895224166,1436,608,19
-0.02479827341486672,-0.018031656221172473,0.01056015278247425,-0.017351518786247026,1436,608,19
-0.024818499248068716,-0.01815515289277647,0.010554029644979748,-0.017823581098187758,1436,608,19
-0.024538766918723136,-0.018717732053673518,0.005335538266898799,-0.018256434767196593,1436,608,19
-0.014071526354217889,-0.018545098634769643,0.006050167006429729,-0.016503610756769344,100,784,20
-0.014546030509098185,-0.018111667379916766,0.005830850264625403,-0.01394336282065311,100,784,20
-0.017020087878093632,-0.0169864909033243,0.005640122314891396,-0.012824070274240817,100,784,20
-0.017438132048612165,-0.017003884413749403,0.009044945533472014,-0.013089055061722227,100,784,20
-0.01760285845458075,-0.01702581490841492,0.009190767066217251,-0.013132303596158908,100,784,20
-0.016846313559822485,-0.017497177744623213,0.010092564395080583,-0.014999965812343427,100,784,20
-0.016698572714635315,-0.017460665321671374,0.010350646658973263,-0.015477574458101766,100,784,20
-0.01823329229857,-0.01718072912974035,0.011676498391892784,-0.016056888457008475,100,784,20
-0.018844751322536022,-0.01712644738663099,0.011402998315493367,-0.016161860455291544,100,784,20
-0.01815891513442489,-0.015889258763587995,0.011928621641076602,-0.01552002212366048,100,784,20
-0.018238589909937,-0.01561399675650122,0.012070757977951459,-0.015564274820440217,100,784,20
-0.016955058253038665,-0.016288202582962503,0.01286815764011764,-0.01674956597290953,100,784,20
-0.016320885051732747,-0.016761710881953135,0.01324295855519994,-0.017515001597178798,100,784,20
-0.015994320950298423,-0.016841763520450678,0.013617421511887353,-0.018330642644279683,100,784,20
-0.0181539148329801,-0.01680200174791714,0.0061434711058159525,-0.018237477249974442,100,784,20
-0.02153543241376323,-0.017123454722931367,0.006814162983394784,-0.018927063032657808,100,784,20
-0.02208019716855552,-0.017394267662343865,0.007063257480956919,-0.019002113053092635,100,784,20
-0.02196800024999003,-0.017796244444599686,0.0052900105283557805,-0.019002019563831265,100,784,20
-0.021139762466826043,-0.018231919106536487,0.005294416029082301,-0.01913207507291691,100,784,20
-0.020992374687518293,-0.018752479798450454,0.006838297524398945,-0.020316317851229972,100,784,20
-0.020983285555823548,-0.01887248693463637,0.007273364634897703,-0.02053347213665025,100,784,20
-0.02037566552782603,-0.018838989958551246,0.004315234975897531,-0.018319890671175953,100,784,20
-0.02056106876847954,-0.018838496822134936,0.004096477774497564,-0.01839796763893319,100,784,20
-0.021896948595533035,-0.019311110762318003,0.0028143352287661595,-0.02032109353151999,100,784,20
-0.02263961058966111,-0.019382795854677677,0.002557684944267942,-0.020525931414111544,100,784,20
-0.02606410688980363,-0.01997392536608368,0.0015551713535601685,-0.021598661325941414,100,784,20
-0.0274978878322953,-0.02068073843325132,0.000737517379423715,-0.022165427238763708,100,784,20
-0.029274274002118406,-0.020843605258723107,-0.0041745871630738205,-0.021500054575626128,100,784,20
-0.00046499443316503513,-0.019271802804688605,0.010965432876960331,-0.01933953344266363,100,784,20
-0.003720779711114428,-0.019165219361171538,0.009042204791380175,-0.01808985894694737,100,784,20
-0.0045567988827293245,-0.01894688009172651,0.008331035956616582,-0.017747395415932437,100,784,20
-0.004973111329438324,-0.01827185350845442,0.00788258363843798,-0.016916570898821766,100,784,20
-0.005367157988217329,-0.018126663444827055,0.005208011997715339,-0.01652989555369371,100,784,20
-0.005129908878316465,-0.018272289869096178,0.0013793390751503675,-0.01674514219059899,100,784,20
-0.0049126553045450785,-0.018428612591225565,0.0018717712186978599,-0.017089920056096882,100,784,20
-0.004897290084071888,-0.01874203942370361,0.0029113676426099793,-0.017288830973916012,100,784,20
-0.004857465576592082,-0.018907110585197735,0.003838787397885876,-0.017484624852824874,100,784,20
-0.005260982868753153,-0.019445581911917507,0.005030965301952764,-0.01810477583732615,100,784,20
-0.0055583257623317206,-0.01876796263932412,0.004024998076413807,-0.017000711727038986,100,784,20
-0.008141653879053563,-0.017678222141732373,0.004208008911857098,-0.014911325093571097,100,784,20
-0.008310716698814573,-0.01767753541325525,0.004360909652816839,-0.014789450833363632,100,784,20
-0.008506354144709025,-0.018011667280346477,0.0037551451322659687,-0.014852388666390662,100,784,20
-0.008564888195931335,-0.018250566622026787,0.004926960690542609,-0.015121098095709334,100,784,20
-0.009560940524872802,-0.018198443512734412,0.004621974416863993,-0.014528440667754739,100,784,20
-0.010075236702763746,-0.017636859093757735,0.0020750798332133174,-0.013199303389555696,100,784,20
-0.011378211253267847,-0.017139208902444667,-0.0017632567978211578,-0.01002736216231113,100,784,20
-0.011443861667405283,-0.016499361266076887,-0.002848548660318952,-0.008942445264306426,100,784,20
-0.011553213668930399,-0.016137580517302172,0.000639586526496491,-0.009080029933582017,100,784,20
-0.011481923522720703,-0.016055525720761795,0.0013257949151723862,-0.009220358816832776,100,784,20
-0.018074181505653986,-0.016431498939112752,-0.0026266360951998293,-0.011702998485528105,100,784,20
-0.016960538627833092,-0.016611957796013866,-0.0012713394329100353,-0.01240479777899406,100,784,20
-0.01634205009046388,-0.016736023051963894,-0.0003099101387617831,-0.012843330263868162,100,784,20
-0.016288839057059357,-0.016339304544691947,-0.00016751801374298003,-0.012798460908407104,100,784,20
-0.015973448428407314,-0.016364931956047515,0.003090711967011151,-0.01350155632497504,100,784,20
-0.015078609611157642,-0.01621941225951714,0.004432613570724351,-0.014355876881519486,100,784,20
-0.014885846038991082,-0.01515137849214317,0.004595858014557846,-0.01370346850396229,100,784,20
-0.015032154864957856,-0.014948860833223056,0.004735315107131328,-0.013736555485701664,100,784,20
-0.014343999146792965,-0.014534011836070664,0.005541945970064425,-0.01470079568270406,100,784,20
-0.014298530468176859,-0.01465149716525645,0.005867503864602629,-0.015582877814786289,100,784,20
-0.016174745431510904,-0.016450433656760455,0.007551532151811865,-0.01755764163372839,100,784,20
-0.01761560033202407,-0.016940208398550847,0.00834408263967546,-0.017180649973542895,100,784,20
-0.019556210258560622,-0.018508146125784056,0.0065146382322443935,-0.021029116919722195,100,784,20
-0.02060085649790712,-0.019846652213673432,0.006284867902323587,-0.021816094326753743,100,784,20
-0.01658295118548339,-0.021125118667917758,0.0036173291343944165,-0.02147565750276659,100,784,20
-0.01701225320684341,-0.021687295290540427,0.0036632347668435574,-0.021647248078799683,100,784,20
-0.02191215002215882,-0.017038765750635905,0.0027906907728083062,-0.02020193027194701,434,784,21
-0.022122570363261783,-0.017110865836123812,0.004147349956146637,-0.020373758439004897,434,784,21
-0.022209303195428857,-0.017277393472353186,0.0049942688022070105,-0.020558852868094946,434,784,21
-0.021695593302802095,-0.017475364000872726,0.004406968487028302,-0.020104986541822006,434,784,21
-0.02127529182461779,-0.017642563677655616,0.004380767631390195,-0.019737064605980174,434,784,21
-0.023865280898155847,-0.01789604812282133,0.010533331632522897,-0.020996664285532454,434,784,21
-0.02418811542815624,-0.01801119251553883,0.011981550168451155,-0.021287874762203746,434,784,21
-0.021321525776518115,-0.01854413187298717,0.017793778771186774,-0.0221692876719615,434,784,21
-0.02036552758558355,-0.018806976953897856,0.018111947813609478,-0.022381419243306243,434,784,21
-0.018719415726357495,-0.018929365063277977,0.018233872941877668,-0.022626946369083332,434,784,21
-0.01902718916015062,-0.018476328333518487,0.016340791635802463,-0.02249261406690296,434,784,21
-0.01917584539775981,-0.01854752740300714,0.01611930355533239,-0.02237388619827686,434,784,21
-0.013001440984228237,-0.018275464519417476,0.019935317097656963,-0.020608144242448632,434,784,21
-0.014908500850647871,-0.01842623163348928,0.01843182269800321,-0.01988448269301486,434,784,21
-0.016896515277297346,-0.018383427317646597,0.018288805550505063,-0.0198429618762131,434,784,21
-0.016687306978550545,-0.017884870093542653,0.01734616010636836,-0.015590088633255332,434,784,21
-0.016421090099638474,-0.01776295552527393,0.0168521333331921,-0.015084117539565732,434,784,21
-0.013960705082125949,-0.017418555393859454,0.012179560887254649,-0.014787432341339984,434,784,21
-0.013582809437076166,-0.01731410807663792,0.011729446998777518,-0.014565423714514308,434,784,21
-0.018768673858889515,-0.016854626640074928,0.010913218310779913,-0.013897169584424727,434,784,21
-0.01892961544713537,-0.016338766798039795,0.01087765864856664,-0.013094038698297193,434,784,21
-0.02236124543591575,-0.01586810274675861,0.009656621070181733,-0.012767086002168176,434,784,21
-0.0236202763838756,-0.015640691380210875,0.009352358280142893,-0.012573759019689115,434,784,21
-0.020995713530258316,-0.014987306745397999,0.009647862437601575,-0.012135478055149385,434,784,21
-0.020572814348720485,-0.015260602060676939,0.009670485589038776,-0.012879227462358244,434,784,21
-0.01979697168317443,-0.016101178415357128,0.00969328038623638,-0.013360209387482495,434,784,21
-0.016372966111144468,-0.016116666094847826,0.009990575828538115,-0.013639765551208417,434,784,21
-0.015987657431540465,-0.016125428457168023,0.010859232640061271,-0.013885568351828536,434,784,21
-0.015582075855514632,-0.016234529552046077,0.010930307632873134,-0.014113908308151504,434,784,21
-0.014307391141396552,-0.016812944590969405,0.012502734434857436,-0.01389468066556389,434,784,21
-0.013893711269788394,-0.016733542575219314,0.012929300186808056,-0.01377532691478641,434,784,21
-0.012516123100574074,-0.016658710911002624,0.013417124304032647,-0.014541929306124322,434,784,21
-0.011912695154316656,-0.01649015599532065,0.01352634999814972,-0.01463615178528946,434,784,21
-0.012681672190576492,-0.016674802105886035,0.010955452914455854,-0.014968369999957388,434,784,21
-0.01165714310136313,-0.016723686966035305,0.010265327986840794,-0.015458209166417932,434,784,21
-0.009814706270514404,-0.016494235585222682,0.011679798271293108,-0.015817717922697327,434,784,21
-0.009672982223635178,-0.0163925175211953,0.011883757245998987,-0.015958825897907116,434,784,21
-0.009469686848357821,-0.016932142105156277,0.004339120174574228,-0.016601659128558523,434,784,21
-0.009458705536068129,-0.017041327596121154,0.0023819855693958327,-0.016708731110884414,434,784,21
-0.010224933013302122,-0.018055623164852944,0.0036538621160812365,-0.018690979634315825,434,784,21
-0.010276536895661086,-0.018207993836902216,0.004168072126981569,-0.01931655790088625,434,784,21
-0.007229762879923877,-0.020209743963567225,0.0035610231227790256,-0.01963027850065345,434,784,21
-0.007312053416058531,-0.02122570776706975,0.0032420090837249325,-0.01996425375991406,434,784,21
-0.008011822168071767,-0.022188091296757514,0.0069263081926067265,-0.020322667343396876,434,784,21
-0.008047732059559349,-0.022361750606234198,0.007818728035248237,-0.02054523492838895,434,784,21
-0.007577233914586623,-0.0224500574498315,0.011325997602328369,-0.02113498672717971,434,784,21
-0.007354405874211304,-0.022425127948639857,0.012021131258364725,-0.02106305677902365,434,784,21
-0.0064863142537821186,-0.02156141886001466,0.012982750251786024,-0.020486187585398365,434,784,21
-0.006339697634157525,-0.02136326116457378,0.013219483098842268,-0.020432486226587138,434,784,21
-0.00727793677767134,-0.021208283161794468,0.01628752965150906,-0.01963626770679671,434,784,21
-0.006940286291521101,-0.02110425344941261,0.016896866638538826,-0.01960308262525188,434,784,21
-0.007774323815515883,-0.021783285922898698,0.017738911173803388,-0.021923415285691857,434,784,21
-0.007202468918807043,-0.022101438531243682,0.018137083165929293,-0.022327092540511385,434,784,21
-0.009456502760275116,-0.022642287288506834,0.017555684496982926,-0.02184895225574977,434,784,21
-0.01430093618521955,-0.020056910857576826,0.013057138885026711,-0.017159096985316723,434,784,21
-0.014634531559399028,-0.019196185388568012,0.012954619291076039,-0.015768204008002325,434,784,21
-0.01474971183708476,-0.017086173694379342,0.01257926108327287,-0.01324670606394407,434,784,21
-0.01433750822230635,-0.01688215487855071,0.012514046270191348,-0.01276414680912266,434,784,21
-0.01523561444646093,-0.01638673692060715,0.012880711666537198,-0.012895360016245192,434,784,21
-0.016384733124900193,-0.016359650577112125,0.01271097960477689,-0.013011571383281864,434,784,21
-0.015744104934309267,-0.01568691958745239,0.00890606865847782,-0.011573830376905174,434,784,21
-0.01566482957889668,-0.015647546685215504,0.007560913493698487,-0.011710703042688984,434,784,21
-0.01443642108545172,-0.01499330612927126,0.007453387210179786,-0.011512734334629033,434,784,21
-0.013971178701272124,-0.01489836637851126,0.007666015055917468,-0.011565349141515883,434,784,21
-0.01308814349976183,-0.015102026345390646,0.005336058322132015,-0.012361446654303158,434,784,21
-0.01301298913417254,-0.01511614787497441,0.004696110559786704,-0.012454888045770487,434,784,21
-0.012831510241989577,-0.014870717455239468,0.005659654407186457,-0.013300586986253984,434,784,21
-0.012659690034567616,-0.01485303437269687,0.005700308219724601,-0.013687564212442709,434,784,21
-0.010295555428877706,-0.014602131131143175,-0.0018783520990263804,-0.015082600426587425,434,784,21
-0.009555887525373289,-0.014795820624366145,-0.0037214250588453353,-0.01584061779834324,434,784,21
-0.009625893774642152,-0.014864928777501372,-0.0034644149629474087,-0.01675454351698002,434,784,21
-0.009927067799139787,-0.014829887493517914,-0.003202238291569528,-0.016817530857854385,434,784,21
-0.00784871986579768,-0.014823466556013364,-0.0004226488350641044,-0.016810549400631654,434,784,21
-0.007655016256386838,-0.014874647348230319,-9.216234289136278e-06,-0.016822949709366725,434,784,21
-0.008003608809361223,-0.013748489616617308,-0.005580309326935436,-0.01581444668180455,434,784,21
-0.007786636139682831,-0.013481880330498791,-0.007129839229535734,-0.01551680198055829,434,784,21
-0.011188997794500812,-0.013552461521644145,-0.006351635901108813,-0.015533845676966983,434,784,21
-0.011385683224619702,-0.013453175859096183,-0.006652551018773824,-0.015223320303778628,434,784,21
-0.01240604808108739,-0.0133173763350494,-0.007643856033620786,-0.014104304086809237,434,784,21
-0.013594497697373356,-0.01318267147550298,-0.007891915853093763,-0.013882619712847072,434,784,21
-0.014463322197489999,-0.013571668613161777,-0.006112546131366372,-0.016102207583948286,434,784,21
-0.014710542548341045,-0.013716523185024471,-0.006265412658930535,-0.01619975873517429,434,784,21
-0.014254203630254337,-0.01407659602772651,-0.00016727560388238525,-0.016078181354900804,434,784,21
-0.014037816342061906,-0.014147042114628307,-0.00037098756188073067,-0.01593770212874426,434,784,21
-0.015789530143171006,-0.013897734361213469,-0.000696762816315458,-0.016251196679221615,434,784,21
-0.01694425173292833,-0.013784712888457186,0.0002949160816121954,-0.016582021736604675,434,784,21
-0.016949772991479345,-0.013131602769659776,-0.0036122032017659915,-0.015313748606361925,434,784,21
-0.016942669424282093,-0.013104874259257175,-0.0038925833549459544,-0.015258589500174098,434,784,21
-0.017740980591369387,-0.01442200736776445,-0.003995816122870166,-0.016171592328135902,434,784,21
-0.01796362826666935,-0.015058257291261163,-0.004086336003757055,-0.01647423956960133,434,784,21
-0.014781032765011597,-0.013576521171366398,-0.007620667963247971,-0.015110770055611586,434,784,21
-0.013930983903148356,-0.013941446011295244,0.003817003450657886,-0.012058572855895296,768,784,22
-0.013724403481671395,-0.013954025821142933,0.0033149900477922834,-0.011892196830194709,768,784,22
-0.0134859881091971,-0.015347831935692639,0.004513610963378001,-0.01684442649141841,768,784,22
-0.012439416359016056,-0.015753020424887097,0.004440211504703763,-0.017223067031624725,768,784,22
-0.0104778704926993,-0.01495049772762069,0.0008283690844472293,-0.01590908606686589,768,784,22
-0.010406775202284228,-0.015028979603959358,0.0005604652500889712,-0.01598918920070856,768,784,22
-0.0067563556594815175,-0.01501347356192466,-0.004449038748455545,-0.013035668613325772,768,784,22
-0.0025562860884089894,-0.012954160377805066,0.001753531831662249,-0.010010204840921808,768,784,22
-0.004248902052688723,-0.013714992637857124,0.00617571434474026,-0.010089182514802836,768,784,22
-0.004738499298290662,-0.013733696679144048,0.008102569741905385,-0.010318672104401117,768,784,22
-0.008916842606880233,-0.015170384160133266,0.011642957212935642,-0.01400039362913324,768,784,22
-0.009050301369165892,-0.014884937798698214,0.012117559632657161,-0.013555888423509806,768,784,22
-0.009411002357602803,-0.015037060919051205,0.0130632937700886,-0.013874653119091822,768,784,22
-0.008218793561480347,-0.015026459958392828,0.012841425058251345,-0.012698826072642245,768,784,22
-0.008533520115459782,-0.01504622221845495,0.01149820988869724,-0.012403163553291737,768,784,22
-0.007835372820260438,-0.0151875460256383,0.00952219364482267,-0.013036737990356585,768,784,22
-0.007504792960535929,-0.014965114879989144,0.0081949445899257,-0.012566060576611648,768,784,22
-0.008579669114018685,-0.014828906416632997,0.007639957819183767,-0.012910593252770637,768,784,22
-0.00809639316152233,-0.014623017894129429,0.0077607637688474375,-0.01275371645879338,768,784,22
-0.0068631368099172675,-0.015519489859519387,0.007897849881010778,-0.014478449209212128,768,784,22
-0.006499871529291457,-0.015545008992949371,0.006760960000000397,-0.013410933333333333,768,784,22
-0.005887166291137313,-0.015648417229960597,0.004625351144949375,-0.012729397807084857,768,784,22
-0.0060695149787696485,-0.01558233814573327,0.0064256805100213095,-0.012858782824129543,768,784,22
-0.007512275941298788,-0.017753015134076015,0.007498244923118673,-0.013526773483784404,768,784,22
-0.007914648188741262,-0.01840482152109623,0.007758131608637636,-0.013755601084999874,768,784,22
-0.008189680084768638,-0.01763873874838096,0.011268462569090075,-0.013647892489651781,768,784,22
-0.008222983426242003,-0.01743436666689816,0.011565724060512107,-0.0137484898701025,768,784,22
-0.00844943522049748,-0.017297683098561008,0.010869165039899424,-0.014751628908524463,768,784,22
-0.008476913949000195,-0.017296762875710612,0.0111041836060235,-0.01515645270317339,768,784,22
-0.008600976423594387,-0.015027832885048512,0.010680671998972087,-0.015119976871928302,768,784,22
-0.007895383005595915,-0.014762056840594616,0.010575564403905394,-0.01500309835176283,768,784,22
-0.007214135384073686,-0.01456527132031121,0.01562087416491141,-0.014960418796058259,768,784,22
-0.0076856124362416215,-0.014672358290720422,0.01585808069378808,-0.015333138850844643,768,784,22
-0.0032916508508465695,-0.01623237761228341,0.0156619158815797,-0.016081595404890157,768,784,22
-0.0038360887097855143,-0.016246901102916635,0.016371100622782454,-0.016585283066696915,768,784,22
-0.004187433485277677,-0.016599353990350063,0.01709376375957049,-0.01741330798887421,768,784,22
-0.003884469480844076,-0.01661769708966092,0.017232915630103006,-0.0178027793674428,768,784,22
-0.003990606326664763,-0.016423531492673248,0.019401215418414847,-0.016824256575491067,768,784,22
-0.004027253936798539,-0.016371167082188384,0.021123663521256254,-0.016759553075733034,768,784,22
-0.0038795968807263247,-0.01647893850939637,0.020947137718325255,-0.01672802788744457,768,784,22
-0.0047038079814936224,-0.01663770576397386,0.02083265578596841,-0.016811768783752755,768,784,22
-0.005019187343280671,-0.015313748496076349,0.014326108354334136,-0.017018686693964682,768,784,22
-0.00420362510349784,-0.015083787266553787,0.012187491288674801,-0.01679956127089874,768,784,22
-0.004124083677740511,-0.014741071776287864,0.011624536662857381,-0.016557295161570805,768,784,22
-0.004518753403158529,-0.014705540074522887,0.011525642565458401,-0.016615389399814495,768,784,22
0.0028602255053388997,-0.014716284470991678,0.013976476651117248,-0.016066951895771488,768,784,22
0.004825388786223875,-0.014697505645674229,0.014361989212064776,-0.015837363340118666,768,784,22
0.004083250891386473,-0.014671785004209943,0.013897069315300992,-0.015575853741485452,768,784,22
0.004292283917524563,-0.015100795191404245,0.013860642564248115,-0.015499453908364092,768,784,22
0.002904356667812182,-0.014418828514342358,0.009354886257554566,-0.014666730040865479,768,784,22
0.0021418813919180228,-0.014172424026999957,0.008178984260173173,-0.013316698435808773,768,784,22
0.0008224748567322086,-0.015197496423272023,0.011768822882993251,-0.01430795164783598,768,784,22
0.0035572698227799323,-0.01560319154137396,0.012972923908227208,-0.014960888903127684,768,784,22
0.007683112069506692,-0.0152548902408729,0.010384154627091214,-0.01459184844451602,768,784,22
0.00492608212379623,-0.014309682663142594,0.0047636010536416164,-0.012178475437363933,768,784,22
0.005231697622161476,-0.014173368723352658,0.0038817698932944616,-0.011233585701608097,768,784,22
0.0021235152084781014,-0.015043834772885237,-0.00099214515833674,-0.011490965315864165,768,784,22
0.001812758046735032,-0.01488473011824255,-0.0036933270354394024,-0.011286172454474662,768,784,22
0.0008503107477606037,-0.016374481251940378,-0.00502024910216165,-0.01301549650927669,768,784,22
-0.00040816901851336944,-0.016990381002927837,-0.0058029881026068235,-0.013855918179630411,768,784,22
-0.0006906311395220287,-0.01668991869100076,-0.0071684695298267695,-0.01111229516975454,768,784,22
-0.001085440904525062,-0.017152457201029533,-0.007810983955225879,-0.011781374697192646,768,784,22
-0.004421009718413201,-0.016555490725392412,-0.0038352783918572577,-0.011572830445735637,768,784,22
-0.0053248972478541524,-0.016223333884794053,-0.003724978092774424,-0.011534769818807434,768,784,22
-0.0038737801555458486,-0.017987684713149845,-0.0066208752301373745,-0.015378433821288942,768,784,22
-0.006748726315446473,-0.01809665107583168,-0.00860263225585144,-0.014109095001285718,768,784,22
-0.000197986300504841,-0.017850783218386033,-0.002841724615140726,-0.014296081354944978,768,784,22
-5.1026172196864145e-05,-0.017936261725177212,-0.0011861043193474765,-0.014796798642861243,768,784,22
-0.0008298069346894095,-0.017634025882188462,0.0031247592388086226,-0.014478842976621553,768,784,22
-0.0014350185569658733,-0.01740849104750015,0.004169541751581966,-0.014228969088156391,768,784,22
-0.0019730286250784854,-0.015662174993865293,0.00987562882948821,-0.012501402742642812,768,784,22
-0.0023503727097215358,-0.01418896745129608,0.010324458558978282,-0.012216296445103829,768,784,22
0.0030552828175024692,-0.014866702241194907,0.010448864976099119,-0.013043986195365388,768,784,22
0.003827331336198341,-0.015005215373843231,0.010360352627105877,-0.013269064868623425,768,784,22
0.004149117008718681,-0.014081398480218646,0.008486453618577803,-0.01240097674398668,768,784,22
0.003240388576592578,-0.013953886430384655,0.009092581225390303,-0.012243640882288348,768,784,22
0.0018164075683737267,-0.014015438002701093,0.012289947194055564,-0.012856718160838509,768,784,22
0.0012191090831598203,-0.014083367079377742,0.012262048849751702,-0.012719507396747057,768,784,22
-0.006653271160483383,-0.015020475210323124,0.0133315878820638,-0.009872480004729806,1102,784,23
-0.005309180244065959,-0.015277504927154559,0.010676952417642636,-0.009271622355315813,1102,784,23
-0.0069592767337043,-0.017255330925960093,0.010721342979757619,-0.014603287431591254,1102,784,23
-0.005680871260535776,-0.016675301758238167,0.011172920136338853,-0.014422658947742483,1102,784,23
-0.005219642382821558,-0.016697321876541937,0.011381626620596155,-0.014405907140716545,1102,784,23
-0.0067026585623599245,-0.01659934388532779,0.011813719870758708,-0.014227402803075656,1102,784,23
-0.006143401921491567,-0.015278552139488958,0.011057512459744399,-0.010204749909657853,1102,784,23
-0.005790273596262183,-0.014532236524982221,0.010402955535031008,-0.01012307692307653,1102,784,23
-0.005279056613908359,-0.015313382436427714,0.019989545139807798,-0.01073609803960793,1102,784,23
-0.005278295880721565,-0.015634152737566825,0.020500941135306774,-0.011509515689452358,1102,784,23
-0.0024385317896944486,-0.015185388164358235,0.023624396239661494,-0.01364877856463688,1102,784,23
-0.0016661635535001715,-0.01510848837808547,0.023938108331505094,-0.013914607968826632,1102,784,23
-0.0015159413443954107,-0.01494542790007446,0.024267417519548282,-0.013970029158823704,1102,784,23
-0.0006255209815333645,-0.01102788897622833,0.023097121732241092,-0.006977079482439729,1102,784,23
-0.0012552296870154797,-0.008627830738402852,0.022504939042922844,-0.009597995677281698,1102,784,23
-0.0009364030002997094,-0.008787930968607782,0.021992673435982005,-0.010729426887920035,1102,784,23
0.0020259026728904096,-0.009620722138312093,0.021099269991263613,-0.01183726435273611,1102,784,23
0.0022369366405686547,-0.00966284623988381,0.020688737862848198,-0.011574868731908678,1102,784,23
6.355525015296698e-05,-0.011044712461199637,0.02191776616320788,-0.012235403594540978,1102,784,23
0.00013683723742616692,-0.011337581362325636,0.022147139518340842,-0.01240346509501067,1102,784,23
9.997197834998044e-05,-0.010564214877600167,0.021159699100287855,-0.011329079662573467,1102,784,23
0.00038887217585579934,-0.010144553392344878,0.02098952240476109,-0.010800675618398916,1102,784,23
0.000890017530488412,-0.011343849518201847,0.022301686296782655,-0.01115901720266838,1102,784,23
0.0008190789144241344,-0.012029480304733832,0.02311870111491382,-0.011407476111249622,1102,784,23
0.001936216031159059,-0.012083017217149494,0.022444793845250034,-0.011090963828506141,1102,784,23
0.0020009293862088035,-0.012220794249858979,0.02192907849734933,-0.01101265337709062,1102,784,23
0.0023517675922647345,-0.012664770958125382,0.023511922100400436,-0.011448150435288075,1102,784,23
0.002794975894442641,-0.012795557388141561,0.023981896620172305,-0.01165095413281125,1102,784,23
0.004888650639195441,-0.012549461236692675,0.02263626641607233,-0.011418750411929718,1102,784,23
0.005291288081239781,-0.012472091105227059,0.02260476464749767,-0.011916879026242102,1102,784,23
0.004976827656722452,-0.012598324351415188,0.023734228911241016,-0.013027762632251865,1102,784,23
0.004682714412820056,-0.012688990193828081,0.023891788911364994,-0.013135811217199523,1102,784,23
0.002083729038194685,-0.01312072902553213,0.024689202446967092,-0.014987307466557808,1102,784,23
0.0011811702085615446,-0.013286676064874374,0.02481519182024459,-0.015150934182972347,1102,784,23
0.0013951022825591283,-0.011663088805774319,0.02415868070374571,-0.01459908859944404,1102,784,23
0.0014715699679385282,-0.011202773584558103,0.023798097541502177,-0.014271721393498039,1102,784,23
0.0016069864314452618,-0.008817432237363592,0.023583526399865377,-0.012178319421963898,1102,784,23
0.0016737476575467702,-0.008201568412774439,0.02371674245573506,-0.01182674396834273,1102,784,23
0.0023938437556368453,-0.008808105946138317,0.022991988691908764,-0.011532601749537843,1102,784,23
0.002674427171590658,-0.009330919577733496,0.022898381429128804,-0.011423161530135327,1102,784,23
0.005432077151210128,-0.010243797486510576,0.018829356870073116,-0.012600275761651352,1102,784,23
0.006070685280394012,-0.010298740395103102,0.018541298481400736,-0.012592359384094792,1102,784,23
0.004573158477066904,-0.010426693435274057,0.016709544731180172,-0.01224821693868615,1102,784,23
0.004551922600481326,-0.010523641029875666,0.01602266371616778,-0.012130363945279748,1102,784,23
0.005055518991104619,-0.009586367593044536,0.010923720630832816,-0.011611168857208073,1102,784,23
0.005287507945838852,-0.009263852843853901,0.010430528726707649,-0.011322993076134692,1102,784,23
0.004376343970986473,-0.0115438147914367,0.012329444470970683,-0.011428056046305778,1102,784,23
0.0049566338754236895,-0.009279471652564838,0.01237632222829714,-0.010958638735119127,1102,784,23
0.002546384649850968,-0.0071193525126321535,0.013874808816292123,-0.008971843515803676,1102,784,23
0.0021008097806794507,-0.006366488854286135,0.01574501282333387,-0.00800647915796455,1102,784,23
0.002082171596174728,-0.006662681785690235,0.019916619854710473,-0.00828327374321866,1102,784,23
0.0017976730714559014,-0.00687000750277366,0.02150003077922302,-0.00856803375950176,1102,784,23
0.001671564917805177,-0.006246778930345456,0.02067735958922317,-0.00800656397226153,1102,784,23
0.001486416455987176,-0.005792226187636327,0.020544765769548567,-0.0069502701296008515,1102,784,23
0.0002991603452510669,-0.006879247618132731,0.0211180892699096,-0.008766307583468736,1102,784,23
0.00021480827547908055,-0.006973774400635439,0.022058436235753726,-0.008723075702689322,1102,784,23
0.000989407122708442,-0.006801694604705664,0.02259324458136248,-0.008255065294481466,1102,784,23
0.000861635541694226,-0.0068301313597412296,0.022656215271089245,-0.008226081636887076,1102,784,23
0.0013537565050615978,-0.006985728974717477,0.02255267844209924,-0.00856088588396644,1102,784,23
0.0017020358017555731,-0.0068267982826666395,0.022044341797448467,-0.008521606292904518,1102,784,23
0.0015958268727654427,-0.007229122375144729,0.02181152620934109,-0.008413008123154528,1102,784,23
0.001500769775779101,-0.007357032128150552,0.0214779479097906,-0.008296633089848357,1102,784,23
0.00020165707661014824,-0.00659634549728272,0.020949620198744252,-0.007958214412653828,1102,784,23
-0.0006159989713871148,-0.006600178732149365,0.022734744468855896,-0.00794915443582084,1102,784,23
-0.0026113561899622265,-0.009194424459094073,0.02726956655283471,-0.009997909658869125,1102,784,23
-0.0026040277584451978,-0.009730119145400513,0.0280016802010267,-0.010671781897966366,1102,784,23
-0.0030120226772640734,-0.011521026449042866,0.03195782081248955,-0.011608425260976184,1436,784,24
-0.0022999562653459333,-0.011594601440864214,0.030990457164939637,-0.011819526595980564,1436,784,24
-0.0018059095095448714,-0.011958040886463026,0.030596503889784,-0.0124503159625175,1436,784,24
-0.0002755863077561629,-0.01153917277613031,0.02810492284991356,-0.012584187478032886,1436,784,24
6.763368749825663e-06,-0.011455561496986738,0.027667349607811014,-0.012526322789439458,1436,784,24
0.0006637272102811073,-0.011017259230591355,0.02971332358544828,-0.012650939236077947,1436,784,24
0.0008310506670105377,-0.010959860089139194,0.030211664543131074,-0.012709048796334579,1436,784,24
0.003133912136700821,-0.009850875183345181,0.02827245041247007,-0.012094996107580172,1436,784,24
0.0031771428090072423,-0.009381066025204655,0.0277018659702632,-0.011593182679751934,1436,784,24
0.0071737680802562214,-0.009541757241877624,0.029505164841309446,-0.012690391211276485,1436,784,24
0.007840033509253191,-0.00968981199172172,0.03022202371336126,-0.012705253410287587,1436,784,24
0.006753639446028042,-0.009638733320962675,0.030167394699414405,-0.011908777179712943,1436,784,24
0.006490557205527262,-0.010210953915704493,0.030432259874742972,-0.013386079802637302,1436,784,24
0.006321587017762858,-0.010387339535432544,0.030316707579759745,-0.013501903041265194,1436,784,24
0.0068654352755238325,-0.008644937289094545,0.02981805001504945,-0.013525906252517272,1436,784,24
0.006740722146399499,-0.00831394404493916,0.030362239996603566,-0.013576224318112864,1436,784,24
0.00658975845553344,-0.007873420085430124,0.03071554563808349,-0.013418127722877286,1436,784,24
0.006537906338935226,-0.007776074282695987,0.03071763532582132,-0.013101194644259524,1436,784,24
0.006661824973858682,-0.008406520895874597,0.029440571216152886,-0.013046383776851017,1436,784,24
0.006579166376965295,-0.008310315258086485,0.03373068044456907,-0.013350714620939572,1436,784,24
0.006570786952381951,-0.008332192242549049,0.0353256063919349,-0.013550880797191418,1436,784,24
0.006600863275818161,-0.009423490697712457,0.03477148111424673,-0.016649982203239207,1436,784,24
0.0066694517716735634,-0.009849614826275185,0.03531022903611574,-0.017541221836868143,1436,784,24
0.006861405309900177,-0.010087802359967118,0.033083806491723294,-0.01922272812483081,1436,784,24
0.006933260163698214,-0.010160576221372815,0.02963480410834715,-0.018512808951659823,1436,784,24
0.007035805005005606,-0.010233106020798417,0.028312505891312574,-0.018371095979927705,1436,784,24
0.00781235571151518,-0.009906112794768062,0.02529224990314524,-0.013139823049842897,1436,784,24
0.007415230998776004,-0.010062331961648423,0.0242805607850141,-0.01257559344138156,1436,784,24
0.007073218039516219,-0.009953553960757157,0.023004966982696263,-0.011754337869920929,1436,784,24
0.007180850088126113,-0.009893394393575077,0.022672250144256098,-0.011532909206466019,1436,784,24
0.007558663597754105,-0.009855421535211127,0.026366096992390627,-0.008546783000515916,1436,784,24
0.007523092340009811,-0.009895953442152992,0.02611683454677545,-0.007937196400439349,1436,784,24
0.007464634378355941,-0.009890581588964373,0.025837970340525075,-0.007289073060612152,1436,784,24
0.007024595398943805,-0.011111880805177159,0.027601522842639593,-0.007409038538605786,1436,784,24
0.0068291218245704905,-0.011751070068629273,0.027847403823878684,-0.007060985459577123,1436,784,24
0.005551801931966127,-0.012246906237751638,0.027744802471998457,-0.007554304792108937,1436,784,24
0.004932891425520348,-0.009679862067588548,0.03050894995060403,-0.004022297433063942,1436,784,24
0.0047160882203165985,-0.009521622301974904,0.03210245651941787,-0.004014953091010154,1436,784,24
0.0044377113941098285,-0.00937887610661384,0.03152341243042088,-0.003707754646622035,1436,784,24
0.004804371722654185,-0.009062804066669431,0.03186305834406201,-0.003703441379448034,1436,784,24
0.006266050009779467,-0.008703916360125548,0.03229234362094272,-0.0028338266801391718,1436,784,24
0.00609019261453997,-0.008758535028931704,0.03232787036444985,-0.0028727488442243554,1436,784,24
0.005695388485495613,-0.008549000793810253,0.033378173798711094,-0.003186973216203528,1436,784,24
0.005862753885743458,-0.007715727923276165,0.03358588451231253,-0.0025613760128067463,1436,784,24
0.005840112066161976,-0.007938931940435053,0.033353942627915995,-0.0025169188336115382,1436,784,24
0.004899281980451327,-0.007941640449118636,0.03342204749490689,-0.0026919159744164013,1436,784,24
0.004560323871292197,-0.008009327779629559,0.03392269314664879,-0.002883239285811571,1436,784,24
0.0042424823537225214,-0.008363424289328557,0.03457954111940705,-0.0031145063449278163,1436,784,24
0.004110821463731583,-0.005416763015827755,0.03209120031572971,-0.0005853265821088053,1436,784,24
0.00306556576355901,-0.0068890836954308724,0.023936027681952143,-0.0005925668048656373,1436,784,24
0.0026110298092260295,-0.007013619164392608,0.023577630264564275,-0.0007772045320051664,1436,784,24
0.002354096437898825,-0.008745828463903954,0.020719122455437975,-0.0025533171606368673,1436,784,24
0.0022871318771382505,-0.008842384717857778,0.01996406291520659,-0.002878604780644197,1436,784,24
0.003097515471206712,-0.008705963365491587,0.020520819692214108,-0.005540072151839521,1436,784,24
0.0033092518980109694,-0.008676869673976507,0.02130456886592651,-0.00644769537934346,1436,784,24
0.002104433769259543,-0.00851142219679414,0.021729057740756064,-0.004948928780915773,1436,784,24
0.0020323630176602076,-0.008337504548026497,0.021345227464182128,-0.004450493896016872,1436,784,24
0.001955153255023682,-0.009784491118267156,0.01758546214266305,-0.0048064985241639884,1436,784,24
0.0016627785096176718,-0.010443249903541155,0.016200332842456408,-0.005009584220614577,1436,784,24
0.00187665221848509,-0.009663747429882748,0.016288414081120414,-0.006591613760519514,1436,784,24
0.0019140779976931223,-0.00973460395532329,0.01615247650913264,-0.0066830832000742595,1436,784,24
0.0018247117748358083,-0.010461133970473782,0.01620104420730824,-0.014228881292393681,1436,784,24
0.0019193158470159836,-0.010615320134015678,0.016724495118546567,-0.015306043794757609,1436,784,24
0.002519957740886296,-0.012104044635398884,0.019554724005581538,-0.01707416019498012,1436,784,24
0.0027541594810664392,-0.01250470916958945,0.019764578043772983,-0.01699003008310339,1436,784,24
0.0030418884380825455,-0.012813309237218993,0.02142409126931993,-0.017297667834938628,1436,784,24
0.0033527653749700122,-0.012854780640793564,0.022524730435076783,-0.017157759611267212,1436,784,24
0.0024124992609730945,-0.013582832202974491,0.023182838443618306,-0.017866994540392415,1436,784,24
0.002506943506449849,-0.01334894391166301,0.02292236029453936,-0.017172158345223742,1436,784,24
0.001591219794582138,-0.013520807751904078,0.025454487634756245,-0.01610094660631605,1436,784,24
0.0013611942878858716,-0.014038459207128312,0.026201217754108254,-0.015679008157935104,1436,784,24
0.001757438938923502,-0.014239700812987944,0.02509092143264005,-0.01564819106387317,1436,784,24
0.0018200458175646945,-0.014799738004531129,0.024779852863954455,-0.01574780011987331,1436,784,24
