Timestamp,Left_X,Left_Y,Right_X,Right_Y
2026-08-16T13:43:53.251348,0.42728377577872734,0.3956245890060652,0.5783730271863399,0.39526616390922564
2026-08-16T13:43:53.314655,0.4310292653264443,0.3975889685712142,0.5804881085054411,0.39524196669745304
2026-08-16T13:43:53.357741,0.43305061247125254,0.3966788779848666,0.5786517176431927,0.3923574767124197
2026-08-16T13:43:53.390465,0.4356838725465506,0.39827383818001244,0.5777906266428915,0.3923590949839197
2026-08-16T13:43:53.421365,0.4408335802529471,0.397760948169491,0.5699850494506643,0.3916499384634967
2026-08-16T13:43:53.451407,0.4422223569257512,0.4013347586048721,0.5699209460120571,0.39273739001878794
2026-08-16T13:43:53.485520,0.4422327588579256,0.4023405459496703,0.5692581311976357,0.392953241422663
2026-08-16T13:43:53.513894,0.44616408348579545,0.4047588337540614,0.5692288337904535,0.39451585577713844
2026-08-16T13:43:53.547405,0.44640000735208146,0.4048987557539176,0.5706284392064792,0.39420978239432064
2026-08-16T13:43:53.581692,0.4468764837480769,0.4048169243287233,0.5713310327803816,0.3941370593296754
2026-08-16T13:43:53.614166,0.4482265254646054,0.40582437701375135,0.5720127412104153,0.3952632195555073
2026-08-16T13:43:53.643618,0.4522249018241464,0.40599792790598954,0.5723117983766246,0.39524196384682153
2026-08-16T13:43:53.674158,0.45042093080140655,0.4058605347381305,0.5733349751080911,0.39389711537866867
2026-08-16T13:43:53.706702,0.4529073477184176,0.40788147829876914,0.5741657795436946,0.3981027431257776
2026-08-16T13:43:53.738736,0.4539017185463768,0.4077293847964826,0.572867160419145,0.3969881266221144
2026-08-16T13:43:53.788211,0.45281342410267333,0.40722407500889457,0.573319601525742,0.39716310606974287
2026-08-16T13:43:53.820252,0.45374231254606817,0.4104312518365234,0.574460396620161,0.40266318993860745
2026-08-16T13:43:53.852752,0.45446916723553665,0.4097946157748079,0.5743136045215722,0.40204951261590305
2026-08-16T13:43:53.884475,0.4531454507503978,0.4099592235640987,0.5750357036300352,0.40212832105664287
2026-08-16T13:43:53.916009,0.454210918685972,0.40870275875522183,0.5747368233095393,0.40093997495568384
2026-08-16T13:43:53.948726,0.4543268063645484,0.4066721779247454,0.5748304184171061,0.39906021431350375
2026-08-16T13:43:53.979583,0.4542917751402537,0.4064106430955898,0.5728234149669436,0.39889783599506423
2026-08-16T13:43:54.012970,0.453529255672018,0.40678944638416337,0.5739601955065193,0.3989358733314442
2026-08-16T13:43:54.042940,0.4542644408476835,0.40751541426803956,0.5739688117811602,0.3990915997417358
2026-08-16T13:43:54.077873,0.45381635414810934,0.4079187060122829,0.575385341084089,0.4002803725064775
2026-08-16T13:43:54.106778,0.4531341840759617,0.4083112250494643,0.5770949155166357,0.4007463411475205
2026-08-16T13:43:54.139933,0.4525866975678597,0.4085369319335168,0.577802474138342,0.40089329583297106
2026-08-16T13:43:54.172451,0.4531290193500443,0.40853770848293647,0.57598577947259,0.4008369655049787
2026-08-16T13:43:54.222202,0.4539817968584934,0.41057334655672134,0.5737297376601946,0.4009803724126249
2026-08-16T13:43:54.253685,0.4534379370540137,0.4110184948710273,0.5738874610313898,0.40102377188654814
2026-08-16T13:43:54.280049,0.452144658519425,0.40984531953912756,0.5740070262000121,0.4000698094363788
2026-08-16T13:43:54.315244,0.4516608570947381,0.4100513644048321,0.57386463550872,0.4002408933633281
2026-08-16T13:43:54.348504,0.45119819657938154,0.41129162823853427,0.5757299266454208,0.40086360725204445
2026-08-16T13:43:54.382654,0.4520971059147543,0.41266592864792034,0.5769683495286195,0.4016603169366811
2026-08-16T13:43:54.411358,0.4525343812196576,0.4127104284045919,0.5763392091661016,0.4019258958391554
2026-08-16T13:43:54.442221,0.451564943150503,0.41287979089526333,0.5762300008444226,0.40118094414949934
2026-08-16T13:43:54.477615,0.45115150896966744,0.4139673362737263,0.5784244101114667,0.4015283251480411
2026-08-16T13:43:54.507909,0.4516889427557877,0.4146552677675405,0.5803032192302741,0.40269525020690616
2026-08-16T13:43:54.539725,0.45168834051721907,0.4159812103945576,0.5803082207025627,0.4074762379634769
2026-08-16T13:43:54.574357,0.4544208510190909,0.4169496620287907,0.5790955398921985,0.4094000719913603
2026-08-16T13:43:54.603949,0.4549078600595938,0.41509183954129414,0.5789912578845029,0.40639524045294423
2026-08-16T13:43:54.654949,0.4538316248170167,0.414263633028405,0.5768506660342313,0.4052664240444239
2026-08-16T13:43:54.682538,0.455176193180002,0.41485492373938515,0.5780784935247032,0.4056116956766665
2026-08-16T13:43:54.714976,0.45528785938017047,0.41442337881898395,0.5780479711793705,0.40486695556353886
2026-08-16T13:43:54.749369,0.4554062462253968,0.41281404044011644,0.5770798566194986,0.4013420034597283
2026-08-16T13:43:54.779168,0.45489320205102357,0.41174577180449917,0.5777714071057158,0.4003435796325357
2026-08-16T13:43:54.809349,0.4548055932353799,0.41243903568186363,0.5772871964392211,0.4008524089075743
2026-08-16T13:43:54.844319,0.45422347180995337,0.41231479971081014,0.5789381447169029,0.4008200749863072
2026-08-16T13:43:54.873356,0.4541431206361637,0.412794280932686,0.5795902454816059,0.4011527042208306
2026-08-16T13:43:54.910964,0.45720872658657935,0.41268257955269894,0.5797568236645833,0.4007366970213117
2026-08-16T13:43:54.941008,0.45750049724453107,0.4122783648699775,0.5782737552209954,0.40027485810700936
2026-08-16T13:43:54.970305,0.45433649520557023,0.41248780644785055,0.5783988359765379,0.4007020851930233
2026-08-16T13:43:55.002550,0.4537725203847168,0.412802358456371,0.5808579686828418,0.40124733543826885
2026-08-16T13:43:55.054662,0.45296131833031994,0.4123681540765537,0.5779849279484828,0.4004015251544274
2026-08-16T13:43:55.083566,0.45266946257453,0.4133603336661421,0.5788745763783316,0.40254695637711135
2026-08-16T13:43:55.113758,0.45079995538339895,0.4120992222729494,0.5785500161052234,0.40097630067028484
2026-08-16T13:43:55.150380,0.451766661935562,0.41178823104258194,0.5772838911202124,0.40048210480487284
2026-08-16T13:43:55.181500,0.4518244734873596,0.4109717029889721,0.5759279914405374,0.3993294548071725
2026-08-16T13:43:55.210027,0.45235858298211623,0.41271521743058087,0.5746905685734727,0.40073953551282154
2026-08-16T13:43:55.243240,0.45148906462243715,0.4111324260895328,0.5750414953904405,0.39836467147809845
2026-08-16T13:43:55.277240,0.4512167391683495,0.41118534560404074,0.5747179214434854,0.39923288435482585
2026-08-16T13:43:55.307296,0.4504038126592548,0.412159155377267,0.5799396415747885,0.39963408562396546
2026-08-16T13:43:55.339119,0.44995060014490623,0.4129258085885207,0.5798647527759129,0.400756974494984
2026-08-16T13:43:55.370098,0.4535171687189432,0.41170527649880406,0.5797394253644607,0.39974549616243277
2026-08-16T13:43:55.404044,0.4525205143993885,0.4102268629414218,0.5764755201684797,0.39869448396398344
2026-08-16T13:43:55.433459,0.4530696825057757,0.4106190234510301,0.5777185684223907,0.3990072439478211
2026-08-16T13:43:55.486709,0.4526608676969417,0.4083333501814558,0.5771140940263503,0.3968078123426953
2026-08-16T13:43:55.515761,0.4522921389428213,0.408327090707541,0.577292212762077,0.3974346564379593
2026-08-16T13:43:55.546693,0.44983789204395913,0.4089451108335044,0.5805386019189189,0.3977085316527886
2026-08-16T13:43:55.580511,0.45059581830896306,0.4092428374469364,0.5804539631364265,0.3978080167971746
2026-08-16T13:43:55.609526,0.4509459648780844,0.4102991414369619,0.5802027096661679,0.3982066428353871
2026-08-16T13:43:55.644287,0.45088876340248124,0.4107095423994849,0.5763054414794571,0.3990394956648648
2026-08-16T13:43:55.676101,0.45383040855595014,0.41024468365138583,0.5749162296577143,0.39844471591933267
2026-08-16T13:43:55.707567,0.4548446480886389,0.4094356734495255,0.5726381408694067,0.39570047658578994
2026-08-16T13:43:55.739119,0.4537626828521001,0.4095564699586507,0.5709353600126664,0.3966213604741061
2026-08-16T13:43:55.772792,0.4518622606203452,0.4101900024202871,0.5695745306646309,0.39912734844160824
2026-08-16T13:43:55.801367,0.45422426545570704,0.4101500457200239,0.5720943400895888,0.39927969789114526
2026-08-16T13:43:55.837150,0.45363384932753054,0.410435182776767,0.5726948900366321,0.3998202624891441
2026-08-16T13:43:55.868237,0.44927368180780625,0.4094063182681915,0.5740178945689026,0.3979063072494112
2026-08-16T13:43:55.918550,0.44910877243544695,0.409259736446278,0.575192170120345,0.3971910528348633
2026-08-16T13:43:55.947346,0.44899054787815446,0.40958591979259057,0.5755469954385672,0.39881415237159423
2026-08-16T13:43:55.979373,0.4489669133292658,0.4104653369422998,0.5755914794465725,0.3995993101235345
2026-08-16T13:43:56.014216,0.44869554985121235,0.4092087156423393,0.5743642910846428,0.3984081201949651
2026-08-16T13:43:56.043978,0.44731289316466377,0.4103749945047691,0.5736274438147317,0.39910136858918477
2026-08-16T13:43:56.073024,0.4490779121430274,0.41023829301734405,0.5736033406388391,0.39791169079524885
2026-08-16T13:43:56.110930,0.4491549320748882,0.4079498903296547,0.5734691396943065,0.39605006515105995
2026-08-16T13:43:56.141028,0.4495664979925207,0.40594924429449,0.5732890538773995,0.39374319547579417
2026-08-16T13:43:56.171282,0.44887897777184055,0.4077128914835311,0.5736718047082789,0.39439608913698887
2026-08-16T13:43:56.202678,0.4498481503049126,0.4095026977963779,0.5737764902282296,0.397129521823208
2026-08-16T13:43:56.234303,0.4488328443610254,0.409741688190972,0.573372782235337,0.3967038049020848
2026-08-16T13:43:56.270083,0.44889212714322696,0.40970571926888455,0.5742462253170991,0.396692500201823
2026-08-16T13:43:56.299773,0.4499496973745469,0.40960132448730424,0.5739142535128986,0.39622158478151753
2026-08-16T13:43:56.349487,0.4495632760055251,0.4082870757482647,0.5727542514269857,0.3955560028582628
2026-08-16T13:43:56.378632,0.4476807911489006,0.4074713282923154,0.5727245605968266,0.39391320356961423
2026-08-16T13:43:56.413279,0.44564733540420304,0.4086819024789254,0.5721951171548525,0.3942773255578519
2026-08-16T13:43:56.444396,0.44416832931170064,0.409460759785999,0.5772152047678161,0.39490018046013287
2026-08-16T13:43:56.475097,0.4416037499697194,0.41062700720313805,0.5741861743484089,0.39781460994061735
2026-08-16T13:43:56.510343,0.4453271079928328,0.40986607115692447,0.5741562139558137,0.3974511763879602
2026-08-16T13:43:56.538735,0.4452192594464805,0.4098169542021195,0.5741068815792596,0.3972971875976662
2026-08-16T13:43:56.570872,0.44607903110506236,0.40968279927466794,0.5737709187478547,0.39687290125047425
2026-08-16T13:43:56.607720,0.44545926904268984,0.4105706982777562,0.5743191537694203,0.3977485396124422
2026-08-16T13:43:56.636782,0.44592813050587465,0.41039100873478596,0.5737041214063826,0.3977443030074594
2026-08-16T13:43:56.665909,0.4464194146193801,0.409241746213157,0.5735191348247288,0.3947980579848756
2026-08-16T13:43:56.699022,0.44753040269492544,0.4096318490562989,0.5717430967906365,0.3951546939156016
2026-08-16T13:43:56.749360,0.44626621516231135,0.4057538397600004,0.5709092814054599,0.39368571005322633
2026-08-16T13:43:56.777413,0.4469521449895679,0.4045403455102052,0.5691480658184613,0.39175569355654627
2026-08-16T13:43:56.812869,0.446328448348464,0.4031642178518484,0.5701250498724347,0.3903653680640185
2026-08-16T13:43:56.843296,0.4463827056096654,0.40311371047465716,0.5698503443951217,0.38994609834302163
2026-08-16T13:43:56.874067,0.4455972534531794,0.40374563739016667,0.5717569464463134,0.3906693687204725
2026-08-16T13:43:56.908477,0.44818585294543695,0.4041033053166868,0.573233786317796,0.3904373125606998
2026-08-16T13:43:56.938786,0.44827642124807937,0.4051987006284336,0.5710810628781066,0.3933894282105564
2026-08-16T13:43:56.972779,0.44857630829422596,0.4056429918366589,0.571935536253926,0.39386547034363245
2026-08-16T13:43:57.001830,0.4485517118389631,0.4064794955863816,0.5722155363597021,0.3955540099837633
2026-08-16T13:43:57.037980,0.4502250537509972,0.40588275703219545,0.570194019516521,0.3948684612876631
2026-08-16T13:43:57.067760,0.4491270169255076,0.40512590200945553,0.5698003477068105,0.39370929147909467
2026-08-16T13:43:57.098686,0.4502051406212803,0.4054207453828513,0.5705444719254331,0.39517805652254756
2026-08-16T13:43:57.134433,0.4494502884014698,0.4047354649049838,0.5711801229875217,0.39478759846845735
2026-08-16T13:43:57.177664,0.4491643033119589,0.39964982968251284,0.570707701114242,0.39308813705049833
2026-08-16T13:43:57.213768,0.4525661606801845,0.39996445995283014,0.5698091398383341,0.39342146786814797
2026-08-16T13:43:57.243069,0.45247834153115324,0.3993607604648736,0.5698402210535418,0.3925102257721681
2026-08-16T13:43:57.276867,0.4532886667986318,0.3996594913753296,0.5698655273110729,0.3930167609006225
2026-08-16T13:43:57.305010,0.45420990692740415,0.3981247829142415,0.5673297675212179,0.39120092918962235
2026-08-16T13:43:57.342716,0.4531425821623237,0.39892038820855674,0.5677508036494963,0.3912142076370486
2026-08-16T13:43:57.370831,0.45272121769085444,0.3991029940603661,0.5676227474303137,0.3904553438069064
2026-08-16T13:43:57.402374,0.4518418219026705,0.40048368422963504,0.5676761379879931,0.3911983553768625
2026-08-16T13:43:57.438183,0.4504127014880869,0.3953712348088947,0.566966525661544,0.3867768729146187
2026-08-16T13:43:57.467262,0.4500139540822374,0.39610266121233456,0.5672094059371559,0.38704688059601755
2026-08-16T13:43:57.498570,0.44935694341313775,0.3940147728422551,0.5678183147044612,0.38216034022898626
2026-08-16T13:43:57.534139,0.4486262119288065,0.39753807290952087,0.5677454344633946,0.38617116406291097
2026-08-16T13:43:57.564150,0.44844929164304287,0.39826976028424926,0.5704518622829923,0.3873264650968033
2026-08-16T13:43:57.611292,0.44875182059737756,0.3988774363910781,0.5696483856262268,0.38775292048534915
2026-08-16T13:43:57.645672,0.4465415515942753,0.40032722365675355,0.572352152096774,0.3879217387382586
2026-08-16T13:43:57.675731,0.4468401430202281,0.4027403249254523,0.5828969670382261,0.39506493839178375
2026-08-16T13:43:57.706785,0.44697531139325625,0.3933477879166769,0.593023206846246,0.39449915408784386
2026-08-16T13:43:57.740947,0.4501905620629851,0.39933587599586345,0.5987620416980646,0.3968988230682985
2026-08-16T13:43:57.773286,0.4478500439091645,0.41253720989543635,0.5989800586722109,0.40312391938083353
2026-08-16T13:43:57.800739,0.45231367830502256,0.4118568670788686,0.6020936325735351,0.4000863086655145
2026-08-16T13:43:57.838877,0.4509101261708876,0.414789563899953,0.6046511393933296,0.40719109725754116
2026-08-16T13:43:57.869203,0.4548291084917789,0.41779354582351913,0.6091976494940526,0.40815586612583793
2026-08-16T13:43:57.899289,0.451280985855953,0.41428649507443477,0.6061816141965011,0.40430596729601315
2026-08-16T13:43:57.929482,0.452133472384259,0.41321499716090493,0.6071337717844071,0.40423170044616413
2026-08-16T13:43:57.965270,0.45271631845758953,0.4189655011035372,0.5998529098101708,0.4055861896765645
2026-08-16T13:43:58.013469,0.45129719312876465,0.41830025126331166,0.6020526942989622,0.4060663923391986
2026-08-16T13:43:58.044858,0.4526863812087955,0.42394935923665106,0.6039234203210644,0.4127112921913005
2026-08-16T13:43:58.075111,0.4524062957468844,0.4257483480206956,0.6037439844559838,0.4139312655239037
2026-08-16T13:43:58.106629,0.45212923397388416,0.43549415554532767,0.602856982251016,0.42420532535464545
2026-08-16T13:43:58.139179,0.45415547748651985,0.4311260263819025,0.599352225747525,0.419613410589658
2026-08-16T13:43:58.171618,0.45412708695555937,0.42852283512950545,0.5996866359446997,0.41950906532785637
2026-08-16T13:43:58.206790,0.4555759240712965,0.4256011112175482,0.5997377100423595,0.4140530443669532
2026-08-16T13:43:58.235097,0.45697854529875115,0.4240455499841287,0.5986377270371563,0.413396428026257
2026-08-16T13:43:58.268364,0.459535208936314,0.4268298945742799,0.5931998114561403,0.4160681638384925
2026-08-16T13:43:58.301557,0.46689120891665564,0.42451630046667593,0.5803322725336407,0.4151903074421761
2026-08-16T13:43:58.330668,0.46978030537890964,0.4251340217612191,0.5737079813410705,0.41563363407418275
2026-08-16T13:43:58.367918,0.4691631135021631,0.4238067301306163,0.5718857565555959,0.4113392862133014
2026-08-16T13:43:58.394456,0.46850518766534355,0.42816635741296616,0.5714255740093215,0.41696168973210634
2026-08-16T13:43:58.443483,0.4671794551187821,0.4269729184449432,0.5720050720972294,0.41692954421017525
2026-08-16T13:43:58.474565,0.46702199174605485,0.42688756806905137,0.5694022313914163,0.41746383743513926
2026-08-16T13:43:58.507957,0.4655276323768377,0.42785551378784875,0.5698228136708448,0.4193860364817847
2026-08-16T13:43:58.539569,0.46509865327173355,0.42883096081557787,0.5684145926622923,0.4202180082255644
2026-08-16T13:43:58.572663,0.46695344137395656,0.42969110189027204,0.5651914570106286,0.4189579366828391
2026-08-16T13:43:58.603634,0.46988388084085614,0.42946595717514957,0.5648840001711073,0.41805511412033786
2026-08-16T13:43:58.636702,0.46762672233604685,0.42927093668798066,0.565392031040144,0.41661890595813256
2026-08-16T13:43:58.667530,0.47097078047799457,0.4289830645814757,0.5657043843131326,0.4164058460709429
2026-08-16T13:43:58.697757,0.4665768086433807,0.42872094907198915,0.5653058316234456,0.4161889186747866
2026-08-16T13:43:58.732201,0.46763490365637156,0.42794280336772,0.5658745025285025,0.4156839714836875
2026-08-16T13:43:58.761526,0.46612550457953006,0.42800166659483,0.5677972903364925,0.41586207021965826
2026-08-16T13:43:58.796254,0.4648024168355848,0.43446472502041134,0.5679994888097246,0.42133518525199454
2026-08-16T13:43:58.828056,0.4663056568996853,0.4356053163619803,0.5668357577719956,0.4223767862561214
2026-08-16T13:43:58.878770,0.4645364429304473,0.4345467226774429,0.5685321004728073,0.4220713843317428
2026-08-16T13:43:58.908248,0.4625200588131437,0.4350238131136187,0.5694153930683772,0.4220045755048374
2026-08-16T13:43:58.940209,0.46321593201407046,0.4356180076145964,0.5663487021210679,0.422072801482761
2026-08-16T13:43:58.971377,0.4625412932163283,0.43660359368880336,0.5665626839376257,0.4225007295956419
2026-08-16T13:43:59.004564,0.4648591477190923,0.43523853823429026,0.5654936904837008,0.42175975004184435
2026-08-16T13:43:59.034156,0.46237329536005284,0.43556111978546036,0.5658126401004364,0.421908123392482
2026-08-16T13:43:59.066160,0.46488939554887726,0.4338132985305071,0.5666653311109691,0.4202968644553622
2026-08-16T13:43:59.102762,0.4611187416993704,0.4336733427202406,0.5658922315475786,0.42112633666812854
2026-08-16T13:43:59.131173,0.46182340548380757,0.4343029819664134,0.5655571753804363,0.421521715096628
2026-08-16T13:43:59.167280,0.4643589733045197,0.4351030511036006,0.5652804014550149,0.4220489075387071
2026-08-16T13:43:59.226647,0.4643074844369856,0.43565108301824024,0.563896387249867,0.42229922962562577
2026-08-16T13:43:59.250573,0.463884665080745,0.4363405635160585,0.5611066713168249,0.42282802254770296
2026-08-16T13:43:59.264492,0.46500956219645534,0.4364996998177854,0.5623262943185569,0.4228358276032538
2026-08-16T13:43:59.308679,0.4653807211010635,0.43592821101843837,0.5617718200371571,0.4226222447519506
2026-08-16T13:43:59.338944,0.46507773662062607,0.4319807397525958,0.5625788227805295,0.42058908325585215
2026-08-16T13:43:59.373753,0.46615478897394436,0.4317443512760616,0.5649034608523771,0.4203879578907941
2026-08-16T13:43:59.402489,0.4689630472403145,0.43136711645023607,0.5667478030533524,0.4197747986186894
2026-08-16T13:43:59.435559,0.4675901778084323,0.42974315607717634,0.5674779588459037,0.41765823403184993
2026-08-16T13:43:59.472893,0.46612188177595243,0.42903454635738103,0.5669467675771941,0.4177603856371186
2026-08-16T13:43:59.499541,0.4646319628288662,0.42813431670405244,0.5656581229139642,0.41686020257342743
2026-08-16T13:43:59.530934,0.46366913715236735,0.428275792251802,0.5661025360961185,0.4172785949346382
2026-08-16T13:43:59.563023,0.4659918970159381,0.4290222554929168,0.5665325286379057,0.41771655045711514
2026-08-16T13:43:59.628112,0.4624724050429301,0.4288268941686365,0.5665022314781335,0.4160521375178112
2026-08-16T13:43:59.658704,0.46335994434549926,0.4294431027134536,0.5634925296832943,0.4186509260039797
2026-08-16T13:43:59.687361,0.464250379180804,0.4289000654934805,0.5626243872413447,0.4166172969432475
2026-08-16T13:43:59.710380,0.46138713737459086,0.42868587033341465,0.5630131531302006,0.41619398026551846
2026-08-16T13:43:59.740192,0.46266707281814035,0.42884691388794866,0.5647298239279467,0.41652139847380965
2026-08-16T13:43:59.772135,0.4620898958012089,0.4293859999822312,0.5656777938692495,0.4161285347610084
2026-08-16T13:43:59.805727,0.46295378518874913,0.4295512936686447,0.5653318206461725,0.4173009122559612
2026-08-16T13:43:59.836166,0.4634125008132229,0.42984543886837134,0.567335478503192,0.41657388045015703
2026-08-16T13:43:59.866992,0.4637513429499389,0.43234528475003153,0.56831242784455,0.4201365569528316
2026-08-16T13:43:59.903207,0.46247681561130405,0.4324510989490488,0.5683468309841506,0.4196397415601159
2026-08-16T13:43:59.932250,0.4625742739935015,0.43590787016451626,0.5689503139735511,0.42400565347218094
2026-08-16T13:43:59.962568,0.4621112620461281,0.4331482013469961,0.5692196846601072,0.4204787195290758
2026-08-16T13:44:00.026079,0.4624446581862542,0.4333811906521863,0.5664857846295218,0.4213470977340526
2026-08-16T13:44:00.057038,0.4612979784649889,0.43376521341891405,0.5663624443376994,0.42143697398014124
2026-08-16T13:44:00.078453,0.46003989650038346,0.4339894516230515,0.5662354079483811,0.42162336978048065
2026-08-16T13:44:00.093295,0.45971552046647796,0.4342901966377273,0.5686105226587965,0.4213465114965867
2026-08-16T13:44:00.140356,0.45992223603407884,0.434027501547387,0.5690172612888226,0.4200158864917439
2026-08-16T13:44:00.172765,0.4600482356609376,0.43459850530410304,0.5684303900027746,0.4201936552427061
2026-08-16T13:44:00.204508,0.46170177997105943,0.43567088926815145,0.5684030284777432,0.42039698089318106
2026-08-16T13:44:00.233647,0.463383174206562,0.4358089116558215,0.5702959471933264,0.42093269403590555
2026-08-16T13:44:00.270999,0.4632463775313821,0.4322214920365249,0.5693503969220093,0.41865260312396674
2026-08-16T13:44:00.299804,0.4625111846004735,0.43069453066715807,0.5700786694087814,0.41630191462866933
2026-08-16T13:44:00.330436,0.46225592739472915,0.4291589232189191,0.5689600948061708,0.4140120820823725
2026-08-16T13:44:00.365535,0.4621670148460384,0.4294148305750324,0.5684208753341401,0.41524960991355564
2026-08-16T13:44:00.426796,0.4649224791216584,0.42931933236429387,0.569163111790685,0.41428724964250774
2026-08-16T13:44:00.462463,0.4660302849132064,0.42923558305050696,0.5704013087600217,0.4141421327204407
2026-08-16T13:44:00.491160,0.4644290148575657,0.42970865612825154,0.5714762446481475,0.4143480075567864
2026-08-16T13:44:00.515534,0.46413414022237853,0.4300362627031383,0.5715059690993719,0.4145790072275005
2026-08-16T13:44:00.528684,0.4633267397615143,0.43129111307152784,0.5713341258503738,0.4209520372442153
2026-08-16T13:44:00.574954,0.46340539232115613,0.43146902371002666,0.5791520506948776,0.4217947655374459
2026-08-16T13:44:00.603685,0.4642720236682593,0.43217735589744455,0.5772509557015946,0.4223179640588765
2026-08-16T13:44:00.635736,0.4635357872099252,0.42842607051272935,0.5780720205418456,0.42049245144768316
2026-08-16T13:44:00.669150,0.46649773129674865,0.4293360454227218,0.5738889361340246,0.42149563929211953
2026-08-16T13:44:00.698329,0.46662573265511653,0.43060051229215096,0.5732740727731388,0.42235139261069565
2026-08-16T13:44:00.730752,0.46194630179957114,0.42959263233190137,0.5735398739870385,0.4161128518701558
2026-08-16T13:44:00.765972,0.4626804587315876,0.4297444925723766,0.57713556431664,0.41613695296316283
2026-08-16T13:44:00.829231,0.46309494815230656,0.43036271712791946,0.5782916648341331,0.41610032670323144
2026-08-16T13:44:00.859372,0.4643611367384298,0.4307090043825458,0.5781970578617841,0.41622695621749173
2026-08-16T13:44:00.891437,0.4666986925683897,0.4321313072347192,0.5782054576339996,0.4167455869001487
2026-08-16T13:44:00.921885,0.4643330647826807,0.4281738692382419,0.5789581223690902,0.41606922802079543
2026-08-16T13:44:00.938677,0.46341612850066183,0.42798655425931453,0.5789596936275743,0.4159411674604867
2026-08-16T13:44:00.959912,0.4620921469933073,0.4287958058471171,0.581334778285902,0.4150073298120769
2026-08-16T13:44:01.003230,0.46608803157245665,0.4299201452297844,0.5805667495670831,0.4151414242137696
2026-08-16T13:44:01.035242,0.4679180023227605,0.4312381904380071,0.5803700946805159,0.4168338397234049
2026-08-16T13:44:01.068546,0.4677289855327442,0.4307036124853685,0.5726406235750738,0.4170874326743875
2026-08-16T13:44:01.099141,0.46756506999577807,0.4294248042376785,0.5785029974902407,0.41597830315396844
2026-08-16T13:44:01.136444,0.46747911720742147,0.433115368737838,0.5785716859727174,0.4173235069922908
2026-08-16T13:44:01.164600,0.46828202296007765,0.4290651297453804,0.5803569980771794,0.4164843357392534
2026-08-16T13:44:01.229163,0.4709995410910021,0.4254776908728056,0.5818674192386206,0.4140116283364991
2026-08-16T13:44:01.259785,0.4700969200546617,0.4215733532661196,0.5802736928513517,0.41344377378417885
2026-08-16T13:44:01.292358,0.47086159008266365,0.42499574575933735,0.5806852827467406,0.41480120071453425
2026-08-16T13:44:01.324069,0.47023453530562737,0.42338302177370646,0.5805122130626761,0.4106798028831197
2026-08-16T13:44:01.355896,0.4644424250964655,0.4233031853846209,0.5847282202901448,0.41064310451806285
2026-08-16T13:44:01.374140,0.4625878617693168,0.423332509279626,0.587072327135371,0.41084940512712725
2026-08-16T13:44:01.404709,0.4626681362580275,0.4251460063420802,0.5859260692160205,0.4118826743191406
2026-08-16T13:44:01.435284,0.46304892157672956,0.4243409192517919,0.5871467623526359,0.4109277667329364
2026-08-16T13:44:01.467080,0.4648555373930426,0.42563428596084907,0.5869643646847311,0.41292356330481156
2026-08-16T13:44:01.503236,0.4659374657702695,0.42545810059882094,0.5875999467817465,0.4120547634341879
2026-08-16T13:44:01.530573,0.46689071379536407,0.42592381319134226,0.5880916775780439,0.41195200067698023
2026-08-16T13:44:01.563536,0.46818112771513115,0.4256204897775774,0.5877685785037144,0.4105541877812977
2026-08-16T13:44:01.625715,0.46803151912854596,0.42479309097518464,0.5893686714700643,0.40953277536334814
2026-08-16T13:44:01.657808,0.4701710869558478,0.4244338831422967,0.5897700888325136,0.41009862668920016
2026-08-16T13:44:01.692433,0.4716697460999133,0.42300547202737493,0.5869857778108142,0.4060578574210863
2026-08-16T13:44:01.722466,0.47135080207633756,0.4193090307412212,0.5874934061283393,0.40386731530832143
2026-08-16T13:44:01.758174,0.46990745744912443,0.41907615588297775,0.584703178061126,0.403612883053043
2026-08-16T13:44:01.776595,0.4694231993270691,0.4191811575651345,0.5830590199174962,0.4041878503454583
2026-08-16T13:44:01.792903,0.4696884116760084,0.4202179591487182,0.5829767951777827,0.40454142807714744
2026-08-16T13:44:01.838275,0.47218744899353227,0.4214665397490869,0.5833462597897915,0.40527088926356686
2026-08-16T13:44:01.868280,0.474707606286433,0.4209602059033451,0.5832361565568835,0.4049133256498541
2026-08-16T13:44:01.899226,0.47385674249161847,0.42027246211851876,0.5824756120796889,0.403791390429396
2026-08-16T13:44:01.931442,0.4737980769230773,0.4217936977802387,0.5828624108040803,0.404890817986501
2026-08-16T13:44:01.961593,0.4725520784694361,0.4221923058479618,0.5833111935047635,0.4052293978724985
2026-08-16T13:44:02.028292,0.47533226437534337,0.4268308159595573,0.586770474538409,0.4072989115911583
2026-08-16T13:44:02.058212,0.4736379057180329,0.4263762564138597,0.5865814359340915,0.40692686204803474
2026-08-16T13:44:02.090624,0.475715695952616,0.42666938633402257,0.5834280903969429,0.40694752508868776
2026-08-16T13:44:02.125767,0.4755237038475973,0.42108872061761715,0.5836632302131618,0.4047795999038004
2026-08-16T13:44:02.154023,0.47445543565911397,0.42005903674833817,0.5839124800697488,0.4030656406698636
2026-08-16T13:44:02.187569,0.4770861384079187,0.42001753003568115,0.5846832940559051,0.40279246994783396
2026-08-16T13:44:02.216090,0.47668958518330584,0.41885225033070844,0.5847319966515101,0.40163567392823857
2026-08-16T13:44:02.232319,0.4770785235247298,0.41912479740680647,0.5840062334312524,0.40180489463568303
2026-08-16T13:44:02.270981,0.4778255566046898,0.41966361731359453,0.584206666301789,0.4030334967528088
2026-08-16T13:44:02.299786,0.4754539564299626,0.4205906030249892,0.5849080315434234,0.4032369484044313
2026-08-16T13:44:02.330157,0.47488947847327295,0.4221568825892967,0.5865119521912351,0.4040549454743049
2026-08-16T13:44:02.365068,0.47516122967770374,0.4245150033289726,0.5909692759754589,0.40538564361110774
2026-08-16T13:44:02.430218,0.4759766095264193,0.42631892186868153,0.5925122501570158,0.40603970882375984
2026-08-16T13:44:02.460254,0.47463135843979753,0.42640461741704405,0.5895999434563122,0.4075529171435595
2026-08-16T13:44:02.494076,0.4751238190923867,0.42678247846190387,0.5896194776520207,0.4095423965703265
2026-08-16T13:44:02.521490,0.47617298339232533,0.4270772316171719,0.5894039642976727,0.409592283609909
2026-08-16T13:44:02.556498,0.47698701932241433,0.4310811757453499,0.5888812075696914,0.4109024260317626
2026-08-16T13:44:02.588621,0.477883009439144,0.42905490713203526,0.587993509898002,0.4103799737600169
2026-08-16T13:44:02.622316,0.4772462792886635,0.42777001551672084,0.5881210403716665,0.4094797335649739
2026-08-16T13:44:02.650580,0.4755868024232572,0.4277724387411443,0.5890988722041118,0.4092438183125374
2026-08-16T13:44:02.663852,0.47509570595433515,0.4280588688973162,0.5898327946606354,0.40984827536021023
2026-08-16T13:44:02.701287,0.4737182832907297,0.4277022411519772,0.5895768099582611,0.40889379280158233
2026-08-16T13:44:02.730633,0.4749943629519333,0.4278454184225504,0.5897475837008047,0.4088718590307098
2026-08-16T13:44:02.761991,0.4746604834338092,0.42716602616084204,0.5875841688612174,0.407605950042098
2026-08-16T13:44:02.827171,0.476064710304631,0.4276850702477001,0.5851951841153004,0.40904772576951176
2026-08-16T13:44:02.862859,0.4761260025663228,0.4260399904405315,0.5827247192414649,0.40607554985698924
2026-08-16T13:44:02.892663,0.4742684248601283,0.42326338550319886,0.5827009524190248,0.40526252531285967
2026-08-16T13:44:02.923281,0.47281509344086636,0.419740780853292,0.5829786128894033,0.4036275179708653
2026-08-16T13:44:02.955844,0.47348542055691195,0.42136803113457494,0.583125930716746,0.4043041317067188
2026-08-16T13:44:02.986737,0.47559983162621017,0.42202169374858817,0.5835734172256326,0.40479870056202066
2026-08-16T13:44:03.021876,0.47397704311806726,0.422786747452106,0.5809150522352706,0.40478612497064115
2026-08-16T13:44:03.051774,0.476406682454989,0.42311196355789915,0.5791150682364955,0.40394769909026423
2026-08-16T13:44:03.069832,0.4774468908290278,0.42202300879995513,0.5772284905162678,0.40129313994483706
2026-08-16T13:44:03.099336,0.4765524905116455,0.42261651521470267,0.5769924577021118,0.402073865177069
2026-08-16T13:44:03.134364,0.47662122929629824,0.4228345725720985,0.577033130428889,0.4025293214059811
2026-08-16T13:44:03.162356,0.4771395687446498,0.4221069769400266,0.5756542371257871,0.40022197598393383
2026-08-16T13:44:03.229527,0.47645280641244353,0.4210101095331256,0.577387904518693,0.39954844377600857
2026-08-16T13:44:03.259123,0.4761998956911684,0.4241645658545486,0.5799432961404785,0.4010977717653384
2026-08-16T13:44:03.293932,0.4755636284619944,0.42618955675538983,0.5805856956031036,0.4025825745660236
2026-08-16T13:44:03.323782,0.4756357431775024,0.4287621676442598,0.5809207993194745,0.4075475421246269
2026-08-16T13:44:03.359380,0.4763253434715924,0.4299957882768519,0.5842793699326577,0.40902459365525995
2026-08-16T13:44:03.387904,0.4769108636798502,0.4319860660431374,0.586057859605049,0.41217955981078225
2026-08-16T13:44:03.419538,0.47709030866377994,0.43299854281006017,0.5848104555454822,0.41207387769529935
2026-08-16T13:44:03.454503,0.47493089359293206,0.431997479843001,0.5876285793992992,0.412223476836465
2026-08-16T13:44:03.476567,0.4737112720063343,0.4317046821382582,0.5900315408510663,0.4122032309614121
2026-08-16T13:44:03.490916,0.4743463788863943,0.43265860621383784,0.5901743088708786,0.41344511313763105
2026-08-16T13:44:03.535340,0.47462566869379713,0.43217526054083444,0.5896991480535645,0.4129960202668363
2026-08-16T13:44:03.564404,0.4771192598321337,0.43080345120284297,0.5889637269277348,0.4118086121375376
2026-08-16T13:44:03.627528,0.4781656526321031,0.4263995123715361,0.5888310963186767,0.4105310595765194
2026-08-16T13:44:03.660952,0.4763583994503645,0.4271030181107019,0.5872765794976393,0.4104126785645304
2026-08-16T13:44:03.691011,0.4778760000955076,0.42705037829607084,0.5866586890304213,0.4096189922977157
2026-08-16T13:44:03.723026,0.4752861877611148,0.42332763521028133,0.5857740949857109,0.4065979140846141
2026-08-16T13:44:03.757981,0.47423656381798945,0.422665475597397,0.5855816851914414,0.4046907831222677
2026-08-16T13:44:03.788805,0.47411349571391287,0.42163124690854437,0.5851875757311774,0.403990040071755
2026-08-16T13:44:03.817984,0.4737672170990329,0.42146974313717994,0.5840210568459532,0.40280084717646636
2026-08-16T13:44:03.855195,0.47570670069587107,0.4234753728385588,0.5864728152005384,0.40541611318635207
2026-08-16T13:44:03.883679,0.47530228157939397,0.42363784710698216,0.5872129150530118,0.40527809641722534
2026-08-16T13:44:03.910848,0.4750798884459393,0.42401267973471984,0.5881205680794581,0.4057946609345601
2026-08-16T13:44:03.926044,0.4775842716344112,0.4231865804880074,0.587884147382378,0.4042980219026603
2026-08-16T13:44:03.965961,0.47763448514307816,0.42119078282303674,0.5863277296513386,0.401978376056135
2026-08-16T13:44:04.026702,0.4709988180212431,0.3928737700894697,0.5752367722946067,0.37460856514406443
2026-08-16T13:44:04.060523,0.4487910602857395,0.36687969817736626,0.5477966552434826,0.34740715605669625
2026-08-16T13:44:04.091563,0.4408510489001754,0.3486058818201814,0.534468005184555,0.32633317032161036
2026-08-16T13:44:04.121067,0.42844527391492404,0.3452748534000879,0.5036574041078923,0.30268168725701045
2026-08-16T13:44:04.157428,0.429143458115995,0.3693218600918476,0.5102509094896751,0.35682320404538986
2026-08-16T13:44:04.188845,0.42790043912716075,0.39181285306605956,0.528680114305997,0.3712719973039108
2026-08-16T13:44:04.218664,0.4285057893478529,0.41086761116952936,0.555339616399312,0.43096626250760073
2026-08-16T13:44:04.249651,0.42991216715684694,0.44794354518990065,0.558465130290706,0.45459024823524086
2026-08-16T13:44:04.286342,0.43764873528237835,0.46373066722486417,0.5626901156433277,0.4511502450686342
2026-08-16T13:44:04.315008,0.4461642521228497,0.4765304209148971,0.5579189417543454,0.4561647615623265
2026-08-16T13:44:04.330642,0.45034629493613443,0.480697398772958,0.5552606700311958,0.45851091934667365
2026-08-16T13:44:04.348890,0.4537010155214644,0.48102706259643463,0.5580263574617276,0.45491138386887847
2026-08-16T13:44:04.427221,0.45449917868187034,0.4732480092605558,0.56169945105215,0.45940015188926586
2026-08-16T13:44:04.460776,0.4543761880448405,0.4715786904433913,0.5623847297420566,0.4506247720068882
2026-08-16T13:44:04.490425,0.45833560582881266,0.4690018042424282,0.5668271355655965,0.44855103790109263
2026-08-16T13:44:04.522214,0.4614102638300018,0.4723301580918397,0.5681888400796967,0.45057936172945856
2026-08-16T13:44:04.559231,0.4638883115709572,0.46996113906204284,0.5689223409685328,0.44872775658848657
2026-08-16T13:44:04.589420,0.4655877655538604,0.4678645369605574,0.5696678307864924,0.4429185744111944
2026-08-16T13:44:04.618565,0.4662402508933966,0.4685013865345162,0.5703100402050096,0.4443901368153118
2026-08-16T13:44:04.653671,0.46646418450660754,0.4643784234130444,0.5712290800134042,0.44353151989785233
2026-08-16T13:44:04.683450,0.4669912496947945,0.460439572075491,0.5710032121097329,0.4394080411596368
2026-08-16T13:44:04.715271,0.4673204190418702,0.45330226044643107,0.5692586531766676,0.431844792818578
2026-08-16T13:44:04.739104,0.46775013017498845,0.44996994163889953,0.5683362941751391,0.4309125539003796
2026-08-16T13:44:04.756063,0.4685467095073158,0.44706200371684274,0.5695364782760585,0.42902920751339235
2026-08-16T13:44:04.828006,0.46824158365146434,0.44808357925539644,0.5706913976460352,0.42880198410624065
2026-08-16T13:44:04.861081,0.4686068374523172,0.44960428502784267,0.5707110769037447,0.4295619175297864
2026-08-16T13:44:04.891207,0.4693809789158968,0.448852773310407,0.5707888037715932,0.4297247534696051
2026-08-16T13:44:04.922860,0.47084604916335526,0.4511275027823321,0.5716868209290108,0.43054405029187315
2026-08-16T13:44:04.959157,0.4702507979112881,0.45028281009517224,0.5698752256140622,0.42837959779993123
2026-08-16T13:44:04.988832,0.47071783627271124,0.44827973001721105,0.5698481074059054,0.42439216816470765
2026-08-16T13:44:05.018871,0.470982731094313,0.4504847574297852,0.5708671955006891,0.42598419391672454
2026-08-16T13:44:05.055150,0.4699764185459163,0.450804367263685,0.5716993923863567,0.4272135569051171
2026-08-16T13:44:05.083977,0.4695606946592726,0.45072170638496994,0.5717174617660009,0.42739871645652705
2026-08-16T13:44:05.118340,0.4695779433612095,0.450789009625638,0.5717208460047047,0.4274808610285508
2026-08-16T13:44:05.149269,0.4716266404318283,0.45208373938465884,0.5716266980549929,0.4286745402104553
2026-08-16T13:44:05.172118,0.4718277865077435,0.45104374450752555,0.5719414112834901,0.4278552634894112
2026-08-16T13:44:05.228411,0.47051859624425585,0.450135079077906,0.5740773778204821,0.42657349693736424
2026-08-16T13:44:05.258739,0.4718103671422941,0.4500359052658733,0.572127737600455,0.4264234961777739
2026-08-16T13:44:05.289803,0.47273315237391456,0.4498786263855071,0.572476005746984,0.4256027422388956
2026-08-16T13:44:05.325707,0.4733312151150718,0.4491801220356487,0.5733362825768528,0.42549692925050564
2026-08-16T13:44:05.355152,0.4735266225308657,0.4494224563484456,0.5735919526115705,0.42565553520199234
2026-08-16T13:44:05.389144,0.4735033543631709,0.4468701095461672,0.5729390594797626,0.42470184792312915
2026-08-16T13:44:05.421278,0.47191741106605645,0.4473084967388656,0.5727051726643293,0.4252173335987776
2026-08-16T13:44:05.450026,0.4694840914435531,0.44709329893312816,0.5724544553910514,0.425177523234592
2026-08-16T13:44:05.482971,0.4698137890082334,0.44860879764581835,0.5728435514029686,0.42795506518697257
2026-08-16T13:44:05.517299,0.4689373148397861,0.44784536407298126,0.5728761856185814,0.4272305062515441
2026-08-16T13:44:05.546172,0.47006164301675113,0.44892746724290616,0.5734786346040508,0.42871733661158573
2026-08-16T13:44:05.582606,0.4702094688949949,0.4488305629069639,0.5743380409238622,0.42903016218107304
2026-08-16T13:44:05.612323,0.47156175027768926,0.44866881359226063,0.5756955925563166,0.4284249712097278
2026-08-16T13:44:05.659297,0.4706424934635341,0.44866234521299214,0.5739955028285968,0.42828084071515493
2026-08-16T13:44:05.694151,0.4717947973260563,0.4496373838908583,0.5744926195646213,0.4292115535297092
2026-08-16T13:44:05.724061,0.47099987133060656,0.44886311687273334,0.5720627582976823,0.4281499355518778
2026-08-16T13:44:05.755698,0.47030565561914467,0.4519759731648328,0.5718807493097138,0.43022301881777264
2026-08-16T13:44:05.786852,0.4700546567599617,0.44757053551912634,0.5722606235857411,0.42560143119438687
2026-08-16T13:44:05.820948,0.4707575108719908,0.44589398357768867,0.5710636712021915,0.42273016034818256
2026-08-16T13:44:05.850448,0.4758691864145845,0.44728570193957734,0.574750192349182,0.42331179521547696
2026-08-16T13:44:05.885056,0.4894595763863047,0.4528588664873061,0.5877333974786167,0.4361746588212667
2026-08-16T13:44:05.914998,0.5140686378308064,0.4688226691832229,0.6084985130614542,0.45101273620615434
2026-08-16T13:44:05.952055,0.5256324147903619,0.48236837859639553,0.6229824051972345,0.46657396070523083
2026-08-16T13:44:05.981085,0.5300746193634494,0.48244330363991234,0.6253209809307247,0.46439801002363995
2026-08-16T13:44:06.011989,0.531964337500806,0.48787513478160893,0.6293226130100196,0.4694785276073633
2026-08-16T13:44:06.047282,0.5486402569432003,0.5021947286329883,0.6395721211669355,0.4818038311588205
2026-08-16T13:44:06.091307,0.5549100590401695,0.5101025569303381,0.6465590512561705,0.4956289601968434
2026-08-16T13:44:06.122554,0.5572545883968912,0.5110531635049804,0.6467050691244233,0.49367991371997366
2026-08-16T13:44:06.159116,0.5595856689910611,0.5132450552485709,0.6494170671963962,0.49692763177300014
2026-08-16T13:44:06.186433,0.5590680547551513,0.5155497725127836,0.6488746576933369,0.4977967194090302
2026-08-16T13:44:06.218419,0.5563823335215544,0.5187348077586983,0.6476108258446823,0.5010565516280792
2026-08-16T13:44:06.254647,0.5608298266260057,0.5180196334574294,0.6508770116466831,0.500548805610744
2026-08-16T13:44:06.283513,0.5734814110325082,0.5233543859158586,0.6581736455653715,0.5097864680618625
2026-08-16T13:44:06.315017,0.578658894204379,0.5220831492661844,0.6698781111009632,0.5091766345544388
2026-08-16T13:44:06.348803,0.5750903933408018,0.5218556142057506,0.6659415860012,0.5098178062445187
2026-08-16T13:44:06.378528,0.577480598498772,0.5267141131799739,0.6658967136150231,0.5132960906206593
2026-08-16T13:44:06.410774,0.5776388362470588,0.5275350470183933,0.6620987583290836,0.5144414168937343
2026-08-16T13:44:06.446184,0.5754624160610574,0.5288663296871218,0.6622336918789519,0.5150046277205047
2026-08-16T13:44:06.491156,0.5802117890863849,0.5317054917255198,0.6651915056934645,0.5191132881231352
2026-08-16T13:44:06.523448,0.581170509227603,0.531488828822182,0.6601666874373867,0.5179199672492827
2026-08-16T13:44:06.557426,0.577912116631273,0.5306875345434136,0.6611254125507886,0.5177506412803937
2026-08-16T13:44:06.587219,0.5782750650441283,0.5312372165814591,0.6606049919107643,0.518425274456482
2026-08-16T13:44:06.617711,0.5706708942996741,0.5320837588485328,0.6605715755607117,0.5200437043583771
2026-08-16T13:44:06.654462,0.5708374430741481,0.531321810648156,0.6570632216791026,0.5192595430695044
2026-08-16T13:44:06.684332,0.5705643945375241,0.531430437872124,0.657511119548709,0.5202401390733482
2026-08-16T13:44:06.714386,0.5688905645724328,0.5313614054114173,0.657444343260157,0.5197689068068104
2026-08-16T13:44:06.750255,0.56810480215904,0.5314020000034734,0.6562204770158901,0.5199799507031633
2026-08-16T13:44:06.779070,0.5682801355905639,0.5310185402121106,0.655261787744489,0.519072375072503
2026-08-16T13:44:06.810326,0.5684409478745406,0.5312611409357613,0.6544780438995965,0.5188391119155861
2026-08-16T13:44:06.842852,0.5689192731748646,0.5320871885936225,0.6548180806039285,0.5189989946861971
2026-08-16T13:44:06.878342,0.5693413898347641,0.5315190828596937,0.6549948945684796,0.5171667677032187
2026-08-16T13:44:06.922986,0.5693941685523193,0.5319172124596494,0.6553070408135607,0.5182219592868489
2026-08-16T13:44:06.958269,0.5672818037666292,0.5299522793837849,0.6547055257852556,0.5171114893433266
2026-08-16T13:44:06.985687,0.5668062376710233,0.5358392725442125,0.6540011176225043,0.519876882321649
2026-08-16T13:44:07.018085,0.5688991411439177,0.5363839564424489,0.6557932777924025,0.5204384049062014
2026-08-16T13:44:07.053468,0.5656285512514648,0.5353627247615932,0.652353830981744,0.5193147654228295
2026-08-16T13:44:07.083548,0.5636547012934591,0.5352211345760332,0.6510208005441428,0.519149382926114
2026-08-16T13:44:07.115251,0.567175132414826,0.5353211266224429,0.6511586890084891,0.5187193411643689
2026-08-16T13:44:07.149521,0.5680391383518957,0.5351011570542569,0.6550508123102458,0.5186756683848157
2026-08-16T13:44:07.180087,0.5695058654489625,0.5348424979928517,0.6589833952624252,0.5193898360388286
2026-08-16T13:44:07.210682,0.5705290254122802,0.5348836314406746,0.6578028657596366,0.5196433365014184
2026-08-16T13:44:07.243586,0.5696737605843429,0.5343413222937865,0.6572130885500528,0.5183990717991724
2026-08-16T13:44:07.276046,0.5666335562374726,0.5338330864370684,0.6535111748890116,0.5183364570754118
2026-08-16T13:44:07.312130,0.5694746870964826,0.5337155927095929,0.6544858317564891,0.5180688629303933
2026-08-16T13:44:07.355592,0.5691879235716993,0.5334389262498378,0.6554709957163677,0.5181267036804055
2026-08-16T13:44:07.387203,0.5685378399817675,0.5321581448885964,0.6571892604694909,0.5179206058100513
2026-08-16T13:44:07.421646,0.5689411872882216,0.5299243098997894,0.657707358125429,0.5171085734287145
2026-08-16T13:44:07.450945,0.5689833980759624,0.5289717702188994,0.657231043468994,0.5155581633936078
2026-08-16T13:44:07.485886,0.5716996436830433,0.5288699967047178,0.6609945331478766,0.516346560822531
2026-08-16T13:44:07.514439,0.5715258951320243,0.5294294262950993,0.6607414968819402,0.5165634301051245
2026-08-16T13:44:07.548067,0.572125241823433,0.5295489999200909,0.6607980445458502,0.5168060165768029
2026-08-16T13:44:07.582398,0.5764061235252729,0.5298997993907165,0.6623646691450963,0.5162713055065704
2026-08-16T13:44:07.610099,0.5727368665277199,0.529875314315442,0.6608352520703519,0.5159587450372746
2026-08-16T13:44:07.643164,0.5728009739116826,0.5288892976635067,0.6609557786042577,0.5151790459135025
2026-08-16T13:44:07.676660,0.5741195908540986,0.5290447701181292,0.6599552313353602,0.5152044239523973
2026-08-16T13:44:07.707421,0.5738311297254387,0.5293716206848739,0.6578160203574129,0.5151133432480991
2026-08-16T13:44:07.742746,0.572123435929015,0.528184421395444,0.6572217569652848,0.5145209444410029
2026-08-16T13:44:07.787767,0.5730436549175264,0.5286245870283429,0.6579282030257383,0.5150598602292691
2026-08-16T13:44:07.820485,0.5730375601643944,0.5283150372215326,0.657579732855901,0.5151410168741396
2026-08-16T13:44:07.855321,0.5741966367352679,0.5291833463996053,0.6594409650854547,0.5183518851182303
2026-08-16T13:44:07.885698,0.5745832759467803,0.5288543677198173,0.6608467884188804,0.5177756348441023
2026-08-16T13:44:07.914209,0.5734944522987739,0.5291899927584663,0.6605228458462838,0.5174153238352286
2026-08-16T13:44:07.951318,0.5719125617975777,0.5285116893960492,0.6612011212631808,0.5172491271233981
2026-08-16T13:44:07.977879,0.5734013195310615,0.5285400146830093,0.6632034615310317,0.5171189359731402
2026-08-16T13:44:08.011980,0.5729626907951584,0.5286448951888689,0.6625281321419337,0.5184640846439348
2026-08-16T13:44:08.047461,0.5757484020901045,0.5294794683947384,0.6641802895167168,0.5188613148781371
2026-08-16T13:44:08.075115,0.5758931812618696,0.529753739834851,0.6634878085103509,0.5181592315189051
2026-08-16T13:44:08.104497,0.5783565803994455,0.5315314564939739,0.6634960671348258,0.5182699112635418
2026-08-16T13:44:08.142142,0.5779610970687206,0.5316444310156522,0.6631174858523066,0.5177137858185185
2026-08-16T13:44:08.188649,0.5770053708591175,0.5312851834391739,0.6616777982418528,0.5174688438492892
2026-08-16T13:44:08.219164,0.578119385813532,0.5308867409301707,0.6627164714236375,0.5167752186287863
2026-08-16T13:44:08.254983,0.5763697040731239,0.5307762452585513,0.6618995707305333,0.5165382449290754
2026-08-16T13:44:08.283566,0.5732841030488319,0.5307411177388138,0.6592607462360892,0.5159053037041327
2026-08-16T13:44:08.315490,0.5723775281916982,0.5308882041151335,0.65904474017658,0.5160786121962908
2026-08-16T13:44:08.350712,0.5713246592073122,0.5303602654624199,0.6580591092198479,0.5152478486464881
2026-08-16T13:44:08.378521,0.5719709997020923,0.5308961101195243,0.6582336287304388,0.5159614794867554
2026-08-16T13:44:08.412410,0.5707824016172292,0.5308442122376383,0.6562447607811478,0.5157217719269622
2026-08-16T13:44:08.442742,0.5728447119782052,0.5325157704964555,0.6552111699469706,0.5159606447379587
2026-08-16T13:44:08.478090,0.5722117225473606,0.5325988845040064,0.6555039586018424,0.5165186955933433
2026-08-16T13:44:08.508136,0.575842096599082,0.5323787461845004,0.6587837485137596,0.5161478031070537
2026-08-16T13:44:08.537850,0.5752892779405082,0.5308687025654552,0.6560786983813056,0.5139121688356953
2026-08-16T13:44:08.574418,0.5745988462426573,0.5306144787433478,0.6553643726654251,0.5130456705481184
2026-08-16T13:44:08.618754,0.5748244776887451,0.5296683582736927,0.6576138993077622,0.5129420029803331
2026-08-16T13:44:08.649960,0.5735353705231949,0.5290705492958957,0.6582814972840426,0.5127288548871035
2026-08-16T13:44:08.686589,0.5704466516835978,0.5278075637685719,0.6592876956751358,0.511658364643734
2026-08-16T13:44:08.716497,0.5681319174029793,0.5282077101363727,0.6614442954471508,0.5124119597489015
2026-08-16T13:44:08.746610,0.5639985694198804,0.5278841693609607,0.6558373983425024,0.5101668953111244
2026-08-16T13:44:08.781585,0.5644288741065364,0.5273292454585112,0.6608915088742834,0.5098806215179745
2026-08-16T13:44:08.810162,0.5655496041442672,0.5268153099849834,0.6571282935783349,0.5093179924993347
2026-08-16T13:44:08.844111,0.5687064605925487,0.5269482804839037,0.6649381384533611,0.5101066940818737
2026-08-16T13:44:08.877430,0.5692482602849331,0.5275076058974966,0.6656963383461392,0.5107769542085405
2026-08-16T13:44:08.908042,0.5699652045679203,0.5269698235735684,0.6668049624694464,0.5100729100304369
2026-08-16T13:44:08.943182,0.5691776167629489,0.5276457935819614,0.6667308044536552,0.5112529198133491
2026-08-16T13:44:08.972374,0.5671444212447312,0.5282285389445516,0.6676313677306523,0.5119188938889503
2026-08-16T13:44:09.002033,0.5698524926905475,0.5288945485416288,0.6669281436428498,0.5134257017844476
2026-08-16T13:44:09.054899,0.5755862089314433,0.5287299894754321,0.6694857759243678,0.5135633823984761
2026-08-16T13:44:09.084819,0.5752757337124993,0.5281691337201346,0.6678193995708313,0.5132389895516479
2026-08-16T13:44:09.115538,0.5756696386875914,0.5275132155878914,0.6679659474739013,0.5134966602111312
2026-08-16T13:44:09.149058,0.570703609244206,0.5265099546670682,0.6665510637947861,0.5120071994109573
2026-08-16T13:44:09.178853,0.5705617802118934,0.5285972165810945,0.6664571012003698,0.51602378527786
2026-08-16T13:44:09.215812,0.568914564634038,0.5275899099638485,0.6672747437847427,0.515999694182923
2026-08-16T13:44:09.244406,0.571059335836376,0.5275905817251549,0.6648839542350381,0.514684079904136
2026-08-16T13:44:09.275324,0.5732925839721027,0.5292549358448173,0.6656984760224501,0.5150543617686287
2026-08-16T13:44:09.308594,0.5742016698047013,0.529361141329255,0.6659688467973467,0.515432578763296
2026-08-16T13:44:09.340224,0.5734518027136606,0.5288038347263488,0.6639090212143263,0.5152783009300856
2026-08-16T13:44:09.370652,0.5717793154723855,0.5286195134151243,0.6586330658624691,0.5143029066174165
2026-08-16T13:44:09.406367,0.5720413083937749,0.5272448068484644,0.6569499788766253,0.5121417107833539
2026-08-16T13:44:09.432605,0.5732173790218953,0.5271761046593426,0.6545936756205373,0.5108311236222188
2026-08-16T13:44:09.484788,0.5753769611929537,0.527549857153781,0.6599953527396968,0.5115261075532789
2026-08-16T13:44:09.516143,0.5753734591280237,0.5281901397810795,0.6612343032040299,0.5128352493888112
2026-08-16T13:44:09.551499,0.5754383392533018,0.5287655555652188,0.659150158447681,0.5140706122922541
2026-08-16T13:44:09.581054,0.575035552892332,0.5284254689472093,0.6590401916339604,0.5138559021060084
2026-08-16T13:44:09.611025,0.5745008035533384,0.52779617878809,0.6587590251739723,0.5131179135848274
2026-08-16T13:44:09.644646,0.5746321967491697,0.5297292873572825,0.6606554056159819,0.5152616239479203
2026-08-16T13:44:09.677925,0.5743584908347416,0.5266378942045292,0.664886611385809,0.5145605798713531
2026-08-16T13:44:09.708176,0.5752611609245941,0.525301452763389,0.664735140053013,0.5139776035590067
2026-08-16T13:44:09.740329,0.5739490683840522,0.5258332329385623,0.6636863821256889,0.5145431554054417
2026-08-16T13:44:09.775338,0.574224971631969,0.5251039089386212,0.6649496041402537,0.514404559091248
2026-08-16T13:44:09.804553,0.5737693420030103,0.5254744218640518,0.6628801997858036,0.515250408483292
2026-08-16T13:44:09.835130,0.5736436365925935,0.5253838809421616,0.6624909210187199,0.5145517287945057
2026-08-16T13:44:09.884629,0.5731130270598704,0.5260160356783358,0.6611735627725281,0.5145624739399839
2026-08-16T13:44:09.913809,0.5729808822777694,0.52730142324399,0.6608665301064561,0.5159522980248754
2026-08-16T13:44:09.952694,0.5721517310604777,0.5268060250999167,0.6609689884348301,0.5146370312411449
2026-08-16T13:44:09.982053,0.5728663369717023,0.5266649131944156,0.6603465088526819,0.5136021251046178
2026-08-16T13:44:10.010108,0.5736465670961031,0.5249396362824311,0.6616402126698946,0.5123256469692157
2026-08-16T13:44:10.044555,0.572695146310583,0.5238969885088544,0.6618468767854859,0.5131785237776693
2026-08-16T13:44:10.080094,0.5732667563273713,0.5261953059616336,0.6613174870754194,0.5128140914483877
2026-08-16T13:44:10.110438,0.5741824637031737,0.5250348740861948,0.6621725291131094,0.5109156124455861
2026-08-16T13:44:10.140048,0.5725313244722162,0.5223751496795104,0.6622925662826367,0.5099694149204536
2026-08-16T13:44:10.174212,0.5725701322343885,0.5223280238359438,0.6602782773970303,0.5080415026414763
2026-08-16T13:44:10.204585,0.5698551955119739,0.522585494437881,0.6577818770984618,0.5089529757733914
2026-08-16T13:44:10.233124,0.5684072188673638,0.5213606111159904,0.6571301616815826,0.508916043644996
2026-08-16T13:44:10.272660,0.569784309662651,0.5228300976410011,0.6587565549503418,0.5114364206066675
2026-08-16T13:44:10.316549,0.569769451013459,0.5242502888041833,0.6599902479935253,0.5115401099686059
2026-08-16T13:44:10.346585,0.5698601772495537,0.5212095966253611,0.6596507093750303,0.5087790698739298
2026-08-16T13:44:10.382727,0.570468194842971,0.5233703453626761,0.660289770574002,0.510742453876986
2026-08-16T13:44:10.412074,0.5703202439297068,0.5192821851304752,0.6597217862817214,0.5075034375102572
2026-08-16T13:44:10.442840,0.5689482151706308,0.5180082139476113,0.6571012933336707,0.5049851646065473
2026-08-16T13:44:10.478284,0.5704562015824959,0.5205751547037359,0.6573778774164843,0.5093915278623303
2026-08-16T13:44:10.507325,0.5698154235145382,0.5195387901270268,0.6577368477383064,0.5070871649131597
2026-08-16T13:44:10.539639,0.5699772318350069,0.5199448100718085,0.6570867853186845,0.5082190655147674
2026-08-16T13:44:10.574814,0.5706802283329646,0.5204451867372029,0.6588819636091495,0.5088961891766317
2026-08-16T13:44:10.604503,0.5689000796434345,0.5198810354661682,0.6585349663179889,0.5084747316747567
2026-08-16T13:44:10.638971,0.5685896119486883,0.5197629361894398,0.6582133445439651,0.50809238916324
2026-08-16T13:44:10.669384,0.5686316930208274,0.5199052862383672,0.6575919470767873,0.5078905399311482
2026-08-16T13:44:10.700130,0.56857104436231,0.5199974553898018,0.6570340109555698,0.5075521334616618
2026-08-16T13:44:10.749145,0.5699848873313771,0.5204011428934714,0.6586862663073608,0.5079304688860191
2026-08-16T13:44:10.780019,0.5710754452948187,0.5203795401385762,0.6586512089928485,0.5077885341169732
2026-08-16T13:44:10.811553,0.571231204902985,0.5208259404066963,0.6589239703260868,0.5075867924666408
2026-08-16T13:44:10.845245,0.5717869564251495,0.5219698409681303,0.6589182702368099,0.5086624663059198
2026-08-16T13:44:10.875607,0.5712196936214545,0.5217550873052924,0.6567166096015362,0.5072151940400033
2026-08-16T13:44:10.910539,0.5710817236343488,0.5198733682427554,0.6599813898553336,0.5073824125631894
2026-08-16T13:44:10.939903,0.5724756654809018,0.5207371214651049,0.6585749345517837,0.5075571448218945
2026-08-16T13:44:10.972821,0.5725932073103467,0.5220092274384912,0.6588013900881178,0.5096019009750186
2026-08-16T13:44:11.003593,0.5722970524460637,0.5213428194993419,0.6589929615804142,0.5096266715515648
2026-08-16T13:44:11.039024,0.5701548086696016,0.5214459405127059,0.6588121964703056,0.5098862143380546
2026-08-16T13:44:11.069783,0.5680991000780397,0.5259104091117215,0.6580410850959257,0.5128247089037641
2026-08-16T13:44:11.099087,0.5659526516077813,0.5248400667638984,0.6551832529390645,0.5112616249623817
2026-08-16T13:44:11.148833,0.5284528854318531,0.5092221907603856,0.6281220475181749,0.5002661300181495
2026-08-16T13:44:11.177936,0.48014947890858806,0.4846881078221123,0.5813529663508272,0.4745139736215226
2026-08-16T13:44:11.210550,0.42730728927346834,0.4703829914749931,0.5317937727456534,0.4540313740462515
2026-08-16T13:44:11.245509,0.38937758545943674,0.45638194080860334,0.495735795509139,0.4393931367122623
2026-08-16T13:44:11.281193,0.3639077370706407,0.4550834179347078,0.463516406397732,0.43363349474402035
2026-08-16T13:44:11.305079,0.3470970997998907,0.4510407790389546,0.43360534357086394,0.431294880841551
2026-08-16T13:44:11.338957,0.3455911840276889,0.4502727955954923,0.4176007909923718,0.43166423668938986
2026-08-16T13:44:11.372446,0.353543371256153,0.45108714098034175,0.4261286428280662,0.43886943717896654
2026-08-16T13:44:11.403616,0.354884255752443,0.452595986285782,0.4306543923811484,0.44199499287475935
2026-08-16T13:44:11.433546,0.35899563060200795,0.45837343078663245,0.4307072725038545,0.44250911522864994
2026-08-16T13:44:11.470678,0.372047903176341,0.45913196116678023,0.44450884002750185,0.4426429945389013
2026-08-16T13:44:11.500990,0.3832116915971018,0.4600037673002086,0.44759423596815473,0.4416210591798792
2026-08-16T13:44:11.531272,0.3858675960696336,0.46397721896989985,0.45102379601826176,0.44308178947621185
2026-08-16T13:44:11.582458,0.388411490105565,0.464766243142313,0.45297268254674833,0.44459368852686254
2026-08-16T13:44:11.611308,0.39210308486836976,0.46543382990953325,0.4549350403476413,0.44524431099639905
2026-08-16T13:44:11.642888,0.3949788670757772,0.4666497435784231,0.4607021488465452,0.44659969432120084
2026-08-16T13:44:11.677351,0.39632438632141886,0.46552795317324974,0.461537474446661,0.44656361889791146
2026-08-16T13:44:11.706787,0.39422573356675794,0.46614577010656905,0.46351475795997055,0.44647435897435966
2026-08-16T13:44:11.743320,0.39260816586232583,0.46545841667679544,0.4660413493314813,0.44421863308831516
2026-08-16T13:44:11.772941,0.3894944669356259,0.46665781108460586,0.4645410656753415,0.4455744622265544
2026-08-16T13:44:11.802569,0.3841658122088421,0.46498556872147306,0.4641923594988116,0.443452684945296
2026-08-16T13:44:11.835769,0.38428848252219827,0.464706954011039,0.4653697597645964,0.44401142855021014
2026-08-16T13:44:11.867080,0.38394104022659237,0.4645047377376196,0.4642381268546772,0.44616458029507783
2026-08-16T13:44:11.899084,0.3803353023149917,0.4647036613440073,0.46233233456648487,0.4457884890992583
2026-08-16T13:44:11.930322,0.3719250567429663,0.46323086659569856,0.4585428779859993,0.44466637665330755
2026-08-16T13:44:11.964186,0.37723412991869404,0.46437333148170684,0.46145355019099715,0.4472095947027095
2026-08-16T13:44:12.008997,0.38037137394797477,0.4660300620214262,0.4613277245990577,0.45300693358337696
2026-08-16T13:44:12.043341,0.3807563600372754,0.4652876577729968,0.4606207695398993,0.4523024483213612
2026-08-16T13:44:12.078976,0.38276043901531553,0.46799964298529934,0.4593944628545908,0.4545808753316141
2026-08-16T13:44:12.108406,0.3852676809751394,0.4683651310405021,0.45960128039314513,0.4541456228188863
2026-08-16T13:44:12.140298,0.38391239057906057,0.4695796094008593,0.45217832519567264,0.45645198258079306
2026-08-16T13:44:12.171940,0.38551478283947416,0.47023315987070163,0.45655374299686957,0.45618145437045665
2026-08-16T13:44:12.202119,0.38699226093745004,0.47142673305191635,0.45685857893082893,0.4561941131458363
2026-08-16T13:44:12.237097,0.3857962758035853,0.4709317291092969,0.45690790123944885,0.45484865501313154
2026-08-16T13:44:12.267690,0.38373890575660113,0.4705750057585821,0.4563424832208131,0.45469470557336733
2026-08-16T13:44:12.302484,0.3866283125956665,0.47112377649269704,0.4560988047682772,0.45578193124992084
2026-08-16T13:44:12.331252,0.38673610117943363,0.47112047820636277,0.456110960591864,0.4558244817256045
2026-08-16T13:44:12.363543,0.38722057625916156,0.4716880126532405,0.4594777074469921,0.45615492763811216
2026-08-16T13:44:12.399559,0.38686526181481495,0.47154169858795797,0.45926521442041174,0.45568330280083635
2026-08-16T13:44:12.443808,0.3877980516847113,0.4714344305433065,0.45904111974230377,0.45407467745941693
2026-08-16T13:44:12.475647,0.3871030510741122,0.47103906210226915,0.4593252978664454,0.4541917695006724
2026-08-16T13:44:12.507349,0.3878776795855248,0.4720687105687201,0.46080772407789405,0.45444600993017514
2026-08-16T13:44:12.538888,0.38812411056102303,0.47108012033711943,0.46080384448221917,0.4537806913515182
2026-08-16T13:44:12.573881,0.3890348490269712,0.4708261613197611,0.4604619640496758,0.4527037687122399
2026-08-16T13:44:12.603167,0.3882837824904151,0.4732258830051068,0.45942152465036545,0.45541613269711567
2026-08-16T13:44:12.638940,0.3899920531983616,0.47271235437315184,0.4574799235713881,0.4537045373770894
2026-08-16T13:44:12.667889,0.3911326586632104,0.47245100669194573,0.4597688737857136,0.4534316831140865
2026-08-16T13:44:12.699255,0.3881748267646276,0.47082453853440154,0.45849961161878283,0.45130017284424745
2026-08-16T13:44:12.735204,0.38435991907528316,0.47258130121719005,0.45673221673008274,0.45446721787904193
2026-08-16T13:44:12.764242,0.383394780517714,0.46979735271273687,0.45575262506866515,0.4533168041473244
2026-08-16T13:44:12.795235,0.3864722657749904,0.4677120305519304,0.45702561306179146,0.45140340277486235
2026-08-16T13:44:12.847006,0.3864047427502009,0.46607748987352454,0.4580978524459164,0.4507464702854076
2026-08-16T13:44:12.875365,0.3866937927148948,0.4670925754761184,0.45928348998939633,0.45069335249887954
2026-08-16T13:44:12.910986,0.3886758007374736,0.46804198059701896,0.46014559264457117,0.45013669109269216
2026-08-16T13:44:12.941179,0.3904949012910028,0.47178874811550503,0.46147647103621636,0.45368113284100015
2026-08-16T13:44:12.970240,0.3905691836173901,0.4719408709143035,0.4631195414874261,0.45441481055463206
2026-08-16T13:44:13.006711,0.3902071578224045,0.47246469425286386,0.4612359695574392,0.4544339019248038
2026-08-16T13:44:13.035397,0.3891498102461079,0.4727136475205079,0.4590704558263257,0.45478237589898907
2026-08-16T13:44:13.067614,0.3888580115113487,0.4720143684703158,0.45817793065901236,0.4545537720881099
2026-08-16T13:44:13.104853,0.39225968855225185,0.4707019001517238,0.45836163521701373,0.45372978138552195
2026-08-16T13:44:13.132742,0.39152089429109604,0.47163406110713907,0.45915176472335095,0.45429885441319595
2026-08-16T13:44:13.165407,0.3859338618548469,0.468776295443921,0.45786896097924534,0.4515131897485005
2026-08-16T13:44:13.197274,0.39201169357890747,0.4719363467705968,0.46177492985711505,0.4564961312349011
2026-08-16T13:44:13.227624,0.39426823545943435,0.47290407226300624,0.46123032421309185,0.4568718931178636
2026-08-16T13:44:13.278501,0.39110290542411563,0.47111559941635994,0.46030825941344106,0.4547019515624979
2026-08-16T13:44:13.307973,0.39209455793932924,0.46919007539032676,0.4604688963057297,0.45318797177849296
2026-08-16T13:44:13.338956,0.39101968411763666,0.4668083658010239,0.4601125066843781,0.4518191460765568
2026-08-16T13:44:13.375832,0.3857370766434955,0.4668914592099224,0.45801762749611014,0.4509836951511994
2026-08-16T13:44:13.404318,0.38593062891936214,0.467066471840205,0.4575293607473066,0.4490568234110787
2026-08-16T13:44:13.435938,0.3861447218273907,0.4628797494979364,0.45823156207077365,0.44472154843637957
2026-08-16T13:44:13.466977,0.38540719544802626,0.46654790852709077,0.45618802419110654,0.4495583905789983
2026-08-16T13:44:13.502561,0.3887003866094886,0.47063148052936626,0.462599263688665,0.4540506517267134
2026-08-16T13:44:13.532946,0.3902042535059463,0.46738641342426435,0.4652792157112594,0.45168029131437853
2026-08-16T13:44:13.566821,0.39134150875145646,0.4728233322357346,0.46522924450825254,0.45545358258073265
2026-08-16T13:44:13.629307,0.39284097143767166,0.4705353951992362,0.4659551330467698,0.45436612333420723
2026-08-16T13:44:13.657062,0.38977405350590555,0.4673289998107441,0.4670164641627412,0.45158777700160974
2026-08-16T13:44:13.671754,0.38652420911554963,0.46498338444844517,0.46088908739491113,0.44616587524779794
2026-08-16T13:44:13.708004,0.3854788371023906,0.46828031003073906,0.4595754738438968,0.44918060648605573
2026-08-16T13:44:13.740693,0.38396581484275405,0.4589994282666496,0.4592763982808055,0.43966692922245837
2026-08-16T13:44:13.772295,0.3846986744123843,0.45608982786676106,0.45970432689216806,0.4392242506325052
2026-08-16T13:44:13.802494,0.3852209561910059,0.4513538375855797,0.4607902344496136,0.4334228348839112
2026-08-16T13:44:13.838851,0.3860970137373891,0.45230471708631637,0.4611571082590899,0.4327775422191168
2026-08-16T13:44:13.865592,0.3863270918411029,0.4497627880053601,0.46070074122585025,0.4317852489721428
2026-08-16T13:44:13.901744,0.3853549963721026,0.44924939513622725,0.4608922431666188,0.4320293188848006
2026-08-16T13:44:13.930465,0.3846957735368788,0.45152797492086794,0.4618201900939361,0.433588779586555
2026-08-16T13:44:13.961860,0.3861313444090583,0.45126273604516726,0.4618653185765326,0.4336986436385954
2026-08-16T13:44:14.028727,0.3855856018376539,0.4488074707233491,0.46183164383303493,0.4321152289159348
2026-08-16T13:44:14.059841,0.384637852515769,0.44882793158305817,0.46158799900070907,0.43328272801588297
2026-08-16T13:44:14.082465,0.38461734265664166,0.44939112206965853,0.4617403542156021,0.4347607366124419
2026-08-16T13:44:14.096634,0.38731162981775485,0.45481044510743385,0.46336641267978085,0.4379285456513894
2026-08-16T13:44:14.138655,0.38789786160459017,0.4548002114821254,0.46351580880469473,0.4373460958352195
2026-08-16T13:44:14.174903,0.3942091397938204,0.4613821727386507,0.46647384194223773,0.4430036751415819
2026-08-16T13:44:14.203082,0.40052919419656735,0.4615077415870105,0.4666666666666674,0.4427211104545486
2026-08-16T13:44:14.234485,0.40112725641528857,0.46088941583860144,0.46833009984945606,0.4421053426496339
2026-08-16T13:44:14.268262,0.39948575374509765,0.46226068209944216,0.46318132444322396,0.4451610480844498
2026-08-16T13:44:14.297828,0.39142317594846693,0.46168522118270205,0.4631569363652734,0.44428671113545615
2026-08-16T13:44:14.335920,0.39069882133452005,0.46213544629757164,0.4606426282399791,0.4447614394318052
2026-08-16T13:44:14.366132,0.3934545265397521,0.4622133256007544,0.46221181716393167,0.4447712699011446
2026-08-16T13:44:14.428747,0.3899459108178368,0.46137254865293814,0.45942512379535205,0.4414642828521541
2026-08-16T13:44:14.463548,0.39012001334092755,0.4615702633802087,0.46101085498472905,0.44201296339472934
2026-08-16T13:44:14.495478,0.38828257834284857,0.46184102744953154,0.46076534844995853,0.44248477403119857
2026-08-16T13:44:14.519267,0.38773105478302494,0.46199028603068854,0.46085462438215213,0.44422617516602975
2026-08-16T13:44:14.540392,0.3888732430989063,0.4625047791920488,0.461951473390709,0.44448578085130125
2026-08-16T13:44:14.573708,0.3875863213828022,0.45992016327400315,0.4607347713665593,0.44431383943184233
2026-08-16T13:44:14.604094,0.3876055050870914,0.45893609929935275,0.4610732791916527,0.44233365282195597
2026-08-16T13:44:14.635123,0.3865210729579804,0.45918866393498176,0.46140164839295533,0.4428024004581414
2026-08-16T13:44:14.670388,0.38670758282321516,0.4612429664742806,0.46137893522106177,0.4441232330980223
2026-08-16T13:44:14.699943,0.38830475088529853,0.4605344194985593,0.46195430956032907,0.4439577630035191
2026-08-16T13:44:14.731340,0.38857635307488697,0.4617194625931373,0.4614421256866302,0.4457702357974615
2026-08-16T13:44:14.765757,0.38951514681645505,0.46584499603669777,0.46111189944067943,0.44819888529292984
2026-08-16T13:44:14.828047,0.38670265436803514,0.4660166944908167,0.4604529463804028,0.448033954087629
2026-08-16T13:44:14.862591,0.38438729683596673,0.46497874746423806,0.4575095500869809,0.44709563265224445
2026-08-16T13:44:14.892590,0.38705154081834453,0.46470981908686143,0.46104692676305614,0.446975984363946
2026-08-16T13:44:14.906561,0.3913414306604194,0.4640442394175833,0.46483114652528956,0.44634156136706465
2026-08-16T13:44:14.923679,0.3877170572311262,0.4608870504633227,0.46722962822398206,0.44049745789524164
2026-08-16T13:44:14.973472,0.3882079788563591,0.46103151653496927,0.4657068111984456,0.4406442693415017
2026-08-16T13:44:15.003829,0.3875020065585804,0.46135685150961625,0.4639658760089158,0.44076696511858576
2026-08-16T13:44:15.034690,0.38514027531045825,0.46047573732370983,0.4626638972727541,0.44042485633476136
2026-08-16T13:44:15.068877,0.38507213146316455,0.46191718072547105,0.4631515760257473,0.4411605532170762
2026-08-16T13:44:15.099179,0.3835710092607749,0.4609116871305125,0.46273614208701624,0.4402446725705299
2026-08-16T13:44:15.134760,0.38387900652254503,0.4599264087929448,0.4630868027653066,0.4397636207991612
2026-08-16T13:44:15.165236,0.3837416757131745,0.4581450405214947,0.46298784588611364,0.43755249061132123
2026-08-16T13:44:15.229111,0.382831388526271,0.45731771333461296,0.46302092773794495,0.4381211128571745
2026-08-16T13:44:15.259191,0.38449821531916867,0.45906544851649594,0.46407391704046463,0.4417680764783599
2026-08-16T13:44:15.295064,0.3823686526284965,0.4580149712751927,0.4636761412166174,0.441029618018316
2026-08-16T13:44:15.325900,0.38038845411423206,0.45787270494218907,0.4629642692368865,0.44124197568020973
2026-08-16T13:44:15.341770,0.3794903043942007,0.4576724477910357,0.4621055040983761,0.44101549378761845
2026-08-16T13:44:15.356184,0.3787299117162949,0.45809262292684355,0.4616524704563575,0.4417014010025523
2026-08-16T13:44:15.406810,0.37850053085047425,0.4595708141934124,0.46191344224479725,0.4427666525578233
2026-08-16T13:44:15.436401,0.3798430844566639,0.4578169512752307,0.46039044621016123,0.4422497128505552
2026-08-16T13:44:15.469535,0.37994841835351545,0.45838761341552825,0.45541941990748,0.44550551695954094
2026-08-16T13:44:15.498395,0.3810296400674738,0.4588311872493161,0.4564098579150055,0.44560009153800256
2026-08-16T13:44:15.535813,0.3844273963541523,0.4610127280780087,0.4569074150475048,0.44832489957366484
2026-08-16T13:44:15.564964,0.4051587523240321,0.4506310834485415,0.4786711960083459,0.4374716327253086
2026-08-16T13:44:15.631905,0.4120726133210914,0.43677669543630454,0.495063118767789,0.4214722973182941
2026-08-16T13:44:15.659390,0.4194763850256581,0.43313850023642964,0.5040289163026852,0.4171096651149356
2026-08-16T13:44:15.691122,0.4212532215786287,0.43050386860967244,0.5100089471642247,0.41351382728306146
2026-08-16T13:44:15.725781,0.42248523259816584,0.4321987483557228,0.5172030113411824,0.41557441887545676
2026-08-16T13:44:15.754323,0.42268142282032584,0.43204097991282325,0.5195555074603305,0.4131752332252389
2026-08-16T13:44:15.779954,0.42310941765081483,0.43164175410019473,0.5220369171627469,0.4113544888189921
2026-08-16T13:44:15.793432,0.4241535772056809,0.4330084783149256,0.5235411402910659,0.41384239355337316
2026-08-16T13:44:15.837656,0.42372531145548487,0.43280503428437905,0.5258886012808224,0.4169498774489653
2026-08-16T13:44:15.866697,0.4252528547796476,0.42778174396619223,0.5286433087121073,0.41324362295756
2026-08-16T13:44:15.901691,0.4318956547639416,0.4171759861986699,0.5464874778209069,0.4059055118110228
2026-08-16T13:44:15.930093,0.4408087519482808,0.40170355875396585,0.5606492011961819,0.3938593142453146
2026-08-16T13:44:15.967893,0.450968702819811,0.4010842328909375,0.5743716893496867,0.39742298349784083
2026-08-16T13:44:16.031639,0.45653643021856566,0.4119601854939499,0.5814115354926301,0.41519134252698264
2026-08-16T13:44:16.063115,0.4635467975247897,0.4171998547926811,0.5873207887549798,0.41875749011009006
2026-08-16T13:44:16.091809,0.46979873006974915,0.4165344520784338,0.5905056871476292,0.42021249811168737
2026-08-16T13:44:16.121395,0.47307445727349373,0.4336373086487056,0.5936274958622394,0.4377754970771297
2026-08-16T13:44:16.158765,0.47515024823621677,0.43569768057487296,0.595114361538856,0.4361546986553509
2026-08-16T13:44:16.186817,0.47588344271207716,0.44243996936955354,0.5957376715974583,0.4451271897284202
2026-08-16T13:44:16.210603,0.4760060140830121,0.4456804241107723,0.5968983874390629,0.4484278209787041
2026-08-16T13:44:16.237846,0.47568891648428246,0.44275912507097187,0.5988330344722228,0.44455827681130805
2026-08-16T13:44:16.268218,0.4753776297163428,0.43816895265817046,0.6006048314004777,0.4457153430643437
2026-08-16T13:44:16.299560,0.4779288497281064,0.43494888552882816,0.6027324330246913,0.43822066069172005
2026-08-16T13:44:16.335048,0.47826768137033737,0.43554116981244384,0.6025508626491219,0.43772758867028544
2026-08-16T13:44:16.364136,0.4791758821840138,0.43761749563081387,0.6031668704100859,0.44083433807571737
2026-08-16T13:44:16.431670,0.47904526555797455,0.44105613806497423,0.6032771566827962,0.44321577702872844
2026-08-16T13:44:16.460275,0.4789542138872898,0.44241717046903184,0.602812607095307,0.4442445277386405
2026-08-16T13:44:16.491556,0.4773307222830056,0.44152767966051565,0.6023799766252296,0.443186337193381
2026-08-16T13:44:16.522890,0.4769704494661042,0.4409697170199172,0.601333734557741,0.442904533901937
2026-08-16T13:44:16.557571,0.47697590021753733,0.4421471413955771,0.6024656826016791,0.4458421937794364
2026-08-16T13:44:16.588001,0.4807493189568533,0.44494835373754343,0.6024198963420856,0.4467256620430242
2026-08-16T13:44:16.616959,0.4827969912909075,0.44674802355042126,0.602547006752173,0.44752228138715283
2026-08-16T13:44:16.634460,0.4822719011532743,0.4467531525607312,0.6025017255708478,0.4472351514318038
2026-08-16T13:44:16.668828,0.48098150867809936,0.4457322982690761,0.6006839737629116,0.44787819675654056
2026-08-16T13:44:16.697703,0.4795824103997968,0.4468937681314097,0.6008239542158246,0.449659915321039
2026-08-16T13:44:16.735026,0.47981029311311474,0.44790330442504445,0.6025220072281448,0.4506636334520226
2026-08-16T13:44:16.763773,0.4796618983403404,0.4476159787616748,0.5994838593110101,0.44795408789021907
2026-08-16T13:44:16.828319,0.4795276801212638,0.4475450789329121,0.5998867159970053,0.4486944680224592
2026-08-16T13:44:16.859130,0.48007519497485585,0.4474140573576683,0.5995118350909138,0.448214732789888
2026-08-16T13:44:16.895352,0.4794264845683756,0.4483226984842384,0.5993749348054599,0.4494794842057493
2026-08-16T13:44:16.923000,0.4792053548575584,0.446887641791043,0.5989375488996336,0.4495095784030483
2026-08-16T13:44:16.955257,0.47969362560776346,0.44887148953907424,0.5991396184639074,0.449472903969692
2026-08-16T13:44:16.989488,0.48147216437854146,0.448529044597391,0.5996514069296686,0.44933594491005374
2026-08-16T13:44:17.020549,0.4798614687164286,0.44771384327469943,0.597978629272413,0.4481582518815047
2026-08-16T13:44:17.037832,0.47877178903988316,0.4476069661829843,0.5968307337878653,0.4479114194310045
2026-08-16T13:44:17.052066,0.4772570113981399,0.4469612531535924,0.5987689968537914,0.4484289224417451
2026-08-16T13:44:17.101861,0.4787189874043686,0.4522260917147013,0.5965746084750804,0.4494975517685968
2026-08-16T13:44:17.131598,0.47799395059515326,0.4493917274939164,0.5967167103928919,0.4484635912729984
2026-08-16T13:44:17.163467,0.4843076818370247,0.44831017526867617,0.5993793975610469,0.44832698365763896
2026-08-16T13:44:17.228101,0.4837185711853304,0.45304182906701146,0.5982402658441219,0.4508563750859559
2026-08-16T13:44:17.258011,0.482917870219087,0.45125158568262186,0.5985616369044943,0.4507098960206466
2026-08-16T13:44:17.295374,0.4840164354730405,0.45300839898914996,0.5981028863129816,0.45102056054466183
2026-08-16T13:44:17.325230,0.4836690396430179,0.4527400981707894,0.5977148776941577,0.4510048629341137
2026-08-16T13:44:17.354295,0.48469345315363677,0.45468778134305793,0.5979098815146202,0.4545239354786656
2026-08-16T13:44:17.389273,0.4836250417265954,0.45331742796256663,0.5980676541630362,0.4543709084387042
2026-08-16T13:44:17.417950,0.48369000234137166,0.45404304841848164,0.5982656091666926,0.45558830919435106
2026-08-16T13:44:17.455195,0.4835270567894123,0.4542381715656324,0.5975673717574218,0.45448183916437146
2026-08-16T13:44:17.473453,0.48341838021463335,0.45467389677523257,0.5973268973065501,0.4556407268409166
2026-08-16T13:44:17.488049,0.4856478111704075,0.4550425648612914,0.5995448749663127,0.456315374623932
2026-08-16T13:44:17.534571,0.4844485142678392,0.4548586370774158,0.5995274369236928,0.4562356113704979
2026-08-16T13:44:17.563681,0.48442780686830017,0.4550859163489704,0.6001999166176921,0.4567627071246907
2026-08-16T13:44:17.629448,0.484666198608214,0.4575692239939796,0.6007494122601679,0.458525579734096
2026-08-16T13:44:17.659488,0.4834686713182398,0.45751527103073275,0.6008157844239423,0.45812156555391637
2026-08-16T13:44:17.695914,0.4835804522216543,0.45852580265209286,0.5982241708739576,0.4579177836962674
2026-08-16T13:44:17.723941,0.4819916527709002,0.45918572357147247,0.5942851929897733,0.45754680663377206
2026-08-16T13:44:17.755167,0.48131257186809473,0.4594051397632993,0.5952385392572369,0.45782880221382816
2026-08-16T13:44:17.789276,0.4823372070055309,0.45991456349485893,0.5955623261757402,0.4594990759312932
2026-08-16T13:44:17.818037,0.4812299646685187,0.45973825460688156,0.5953711277375482,0.46003467403344106
2026-08-16T13:44:17.850943,0.4809264646005015,0.4593824767214327,0.5953219385950593,0.45940867087515047
2026-08-16T13:44:17.885329,0.48100386720370414,0.46041423709856716,0.5957613335535238,0.46133439984529634
2026-08-16T13:44:17.907508,0.48125027998605624,0.4610144574639229,0.5957905965372946,0.46262031000502774
2026-08-16T13:44:17.930027,0.48113280239329415,0.4609517436342158,0.5959686486010699,0.46212444387585006
2026-08-16T13:44:17.963554,0.4812027886876943,0.4599470698062231,0.5977462453276241,0.46212997528207483
2026-08-16T13:44:18.027675,0.4791236981328547,0.4592316656766247,0.5948164254680205,0.46099379430666204
2026-08-16T13:44:18.059393,0.478019920693705,0.45985602841377643,0.5954194814337712,0.46155670900055384
2026-08-16T13:44:18.095037,0.47580674064373873,0.4592400643982562,0.5953638372530934,0.45770986819353876
2026-08-16T13:44:18.123977,0.4764519307848235,0.46046362244332595,0.5962799240605683,0.45813315932610155
2026-08-16T13:44:18.157889,0.47694572664504786,0.46146560476502124,0.5965183540586015,0.4591003802164966
2026-08-16T13:44:18.187490,0.4765122584626202,0.4615876708345441,0.5944072177498286,0.4598486253444564
2026-08-16T13:44:18.219428,0.4784376094881752,0.4620379044462068,0.5972156923578706,0.4604623212734394
2026-08-16T13:44:18.252763,0.4766140315504434,0.464648642336291,0.5984528303011573,0.4628847635910306
2026-08-16T13:44:18.283986,0.47523863751906475,0.46372096983057987,0.5982403230179063,0.4622290514864935
2026-08-16T13:44:18.310995,0.47517849233407405,0.4653554450613022,0.5982376028379508,0.46246848196022095
2026-08-16T13:44:18.327594,0.47573740059653546,0.4654684297505899,0.5994044122397666,0.46376279364300205
2026-08-16T13:44:18.365348,0.476599384072479,0.46557737704771807,0.5994544958813544,0.4637880597341982
2026-08-16T13:44:18.431528,0.4774244076011848,0.4634799712203926,0.5988781013595856,0.4620275994766734
2026-08-16T13:44:18.462138,0.47811660949917606,0.46296429408547707,0.5985090399138712,0.4615336022478277
2026-08-16T13:44:18.490636,0.47885720396923026,0.46324332537831214,0.5981847477861024,0.46156898328283674
2026-08-16T13:44:18.522219,0.4789725633022395,0.462712630105248,0.5971282169473748,0.46051329023621296
2026-08-16T13:44:18.558497,0.48036067055105164,0.4639551431023771,0.5957216148658587,0.46187338228302866
2026-08-16T13:44:18.587921,0.4810926892983698,0.4636226719558949,0.5959724113763247,0.46120502798454227
2026-08-16T13:44:18.619563,0.4830949157960148,0.4648321586188856,0.5938273948235337,0.4616990287002818
2026-08-16T13:44:18.656369,0.48328674174490477,0.4640267720236829,0.5944373515970842,0.4615432198965521
2026-08-16T13:44:18.683219,0.48377562022521997,0.4632747364712149,0.5979095737234196,0.4618241982980695
2026-08-16T13:44:18.716839,0.48385148917974935,0.46370487296828694,0.5947439930499085,0.4628688784260613
2026-08-16T13:44:18.734815,0.48352646008209355,0.4637889226052549,0.5934157300031201,0.4636540139616056
2026-08-16T13:44:18.749986,0.4827244511343809,0.46411214533027734,0.6020379211108815,0.46366483468550906
2026-08-16T13:44:18.827543,0.4818528337629121,0.46016556566771166,0.6010911682886015,0.46166304011302556
2026-08-16T13:44:18.859520,0.48077610648109825,0.4601012189421452,0.6008686700270273,0.4605334637588774
2026-08-16T13:44:18.893887,0.480697072151981,0.460794156074476,0.6003763990106414,0.46136552945229675
2026-08-16T13:44:18.922816,0.48005782458750906,0.4616215072449397,0.5985072432380888,0.45981332192644914
2026-08-16T13:44:18.954059,0.48020051687932447,0.46114057460561736,0.5973543470400556,0.4594797496374649
2026-08-16T13:44:18.988316,0.47908479146888383,0.4617925016305709,0.5972868934153747,0.459579061219465
2026-08-16T13:44:19.017611,0.4783606654667613,0.45756348017541726,0.5990269112997593,0.4583037607508277
2026-08-16T13:44:19.053674,0.47909456473730067,0.4591456964766466,0.6006901773261614,0.4603839216696728
2026-08-16T13:44:19.083281,0.4858352364906547,0.46097480480847214,0.6009719107230301,0.4613784192878537
2026-08-16T13:44:19.118470,0.48406067206898373,0.4590597652805101,0.601162034617701,0.45929655821051873
2026-08-16T13:44:19.149361,0.4835234916918561,0.45827952291891266,0.6021174175214656,0.46048957049471895
2026-08-16T13:44:19.168931,0.48344418024144664,0.4573923881309079,0.6030484204974216,0.4605733333631231
2026-08-16T13:44:19.228699,0.4828057116323934,0.45791046950804615,0.6022388722954026,0.46052955086969544
2026-08-16T13:44:19.259528,0.482062190039015,0.4603457191066277,0.6033339985232787,0.4608847793637883
2026-08-16T13:44:19.291057,0.48121116628437,0.4557161802210275,0.6033937490283936,0.4600727327997219
2026-08-16T13:44:19.324962,0.4813999055712935,0.45630745199478107,0.6035437088653515,0.46013727808534927
2026-08-16T13:44:19.353500,0.48177498902441807,0.45668136031621875,0.6028613328727841,0.46052082473214506
2026-08-16T13:44:19.389849,0.481573365877752,0.45696937661905834,0.6022584772681253,0.4613740532856189
2026-08-16T13:44:19.419569,0.4808900021936171,0.45744736632128485,0.6036456791415603,0.4597333595270854
2026-08-16T13:44:19.451237,0.4813123834482081,0.4569680792916209,0.6036845468129025,0.45868919074785425
2026-08-16T13:44:19.486186,0.48140474341609923,0.4590863800795319,0.6047991066985668,0.4597629196408624
2026-08-16T13:44:19.515635,0.4799110654405346,0.45646029746653505,0.6058748711170922,0.45794921086611984
2026-08-16T13:44:19.548126,0.47934217464141937,0.4536014243671141,0.6055994759464816,0.4541140755496959
2026-08-16T13:44:19.583477,0.4794345728107641,0.45700463810402014,0.6055914569322834,0.4572221143567444
2026-08-16T13:44:19.625175,0.47946515891006997,0.4529319830102676,0.6048454754390946,0.4540954481960499
2026-08-16T13:44:19.659406,0.47923193028128863,0.45022738327422385,0.6064114805773845,0.45081761122137526
2026-08-16T13:44:19.694222,0.4776685263099366,0.44956093985651263,0.6073595150700921,0.45216147089277103
2026-08-16T13:44:19.725249,0.47863251296263987,0.4507153892658006,0.6072839380289454,0.45224574648503835
2026-08-16T13:44:19.756322,0.4787732960599811,0.4563796603912866,0.6059270986678882,0.4572994360662202
2026-08-16T13:44:19.791322,0.4808579412026681,0.4576013020360396,0.6065231216680568,0.4587363288676156
2026-08-16T13:44:19.820330,0.48111752083560516,0.45425187001168743,0.6059649330232567,0.45483754119527
2026-08-16T13:44:19.850452,0.47913173275784515,0.4526494678648968,0.6048304105638552,0.4535487428861048
2026-08-16T13:44:19.886504,0.47581661935284936,0.4506372669017001,0.6008614962819582,0.45157594799956785
2026-08-16T13:44:19.915958,0.4762287981324945,0.45521556959779363,0.6000054173354739,0.45516538002886925
2026-08-16T13:44:19.947716,0.4778948828179171,0.4526896873051493,0.6002616297747936,0.45064253957082906
2026-08-16T13:44:19.984708,0.4792344071183172,0.457855017563349,0.5999907935370626,0.4564550542342966
2026-08-16T13:44:20.012467,0.4792789665721542,0.45570072392309224,0.6007754203362697,0.45472400100168225
2026-08-16T13:44:20.058504,0.47721555341524596,0.4519786370035954,0.6008021502666838,0.4526783863391485
2026-08-16T13:44:20.090734,0.4784024604759299,0.45354814842564584,0.6006519514397519,0.4520604514695347
2026-08-16T13:44:20.125991,0.4778521999321354,0.4554858498433921,0.601086316615739,0.4553675051637818
2026-08-16T13:44:20.154922,0.47162660316574956,0.44909301446040867,0.6056681057018654,0.45205540661304566
2026-08-16T13:44:20.186533,0.4663619892786446,0.4459541521886141,0.603643126754523,0.4482459927619918
2026-08-16T13:44:20.222698,0.4699339786866921,0.4433095359510445,0.6046679827674292,0.4465773199111447
2026-08-16T13:44:20.250432,0.4697431265230096,0.445761842725282,0.6048259009170223,0.4506498057025582
2026-08-16T13:44:20.283345,0.4678570697685837,0.44711660613411636,0.6052222220011428,0.4527882264116933
2026-08-16T13:44:20.318966,0.46981054070703887,0.4455699998636836,0.6058371160964067,0.4511917583072341
2026-08-16T13:44:20.349307,0.4696373681340998,0.4464014014013997,0.6037591347792216,0.45044705058795453
2026-08-16T13:44:20.379544,0.4733091197171744,0.4503709533145605,0.60467017699575,0.4500060579136562
2026-08-16T13:44:20.411070,0.47921165802976035,0.45313832415319977,0.603502654996485,0.45266954618389227
2026-08-16T13:44:20.444644,0.4797450886508721,0.45106285914409167,0.6041448403549283,0.4521212285627741
2026-08-16T13:44:20.489596,0.47577926561676875,0.45968515941789395,0.602135833250224,0.4566206722084901
2026-08-16T13:44:20.527734,0.48017411302601803,0.4580331145973648,0.6018925820956814,0.4553804620514785
2026-08-16T13:44:20.557008,0.4802416099273464,0.4566347782828856,0.600881104873093,0.4544309379468251
2026-08-16T13:44:20.587339,0.4797114498197965,0.4573635155574027,0.6021242214273207,0.45683475603798224
2026-08-16T13:44:20.622605,0.47978569754242123,0.4608011557171983,0.6024797130289383,0.4612382222142693
2026-08-16T13:44:20.652811,0.4801448596262236,0.4555187276708557,0.6010194844836875,0.4553661453850367
2026-08-16T13:44:20.683970,0.48000857136558955,0.45127512127512126,0.5996867963584046,0.4503601932098372
2026-08-16T13:44:20.719808,0.479810847761965,0.4491407525798287,0.6005781571892488,0.4477813454107088
2026-08-16T13:44:20.749342,0.4791099018121894,0.4487916761459933,0.6025181514579299,0.44617963345834727
2026-08-16T13:44:20.779280,0.48043645388658685,0.448362631575285,0.6028625248983793,0.44612331161177404
2026-08-16T13:44:20.813157,0.48120737209832437,0.44832209151298713,0.6041442198932957,0.4466911706495072
2026-08-16T13:44:20.844055,0.4827528102571051,0.44748751441533346,0.6028067141790697,0.44564664037522994
2026-08-16T13:44:20.878875,0.4857584318721174,0.44808859630062914,0.6036825321979316,0.4460340887772821
2026-08-16T13:44:20.924534,0.484160322206126,0.4467034378681636,0.6044316192516447,0.44568590741757413
2026-08-16T13:44:20.956128,0.4817632706863869,0.44661670835001227,0.6047035046346733,0.445668766876686
2026-08-16T13:44:20.990501,0.4808413458220284,0.4461043830898301,0.6067223029938996,0.44561109901672824
2026-08-16T13:44:21.019474,0.48143655119807155,0.44783559791046956,0.6082924351336491,0.4467751551448479
2026-08-16T13:44:21.050832,0.4816739757739778,0.44772173368713364,0.605563004666281,0.4470272753063254
2026-08-16T13:44:21.085365,0.479316645303338,0.44631331510695854,0.6079858098484149,0.4465405257850341
2026-08-16T13:44:21.113931,0.4799839201606351,0.4452536085911577,0.6058066261574638,0.44536185693348646
2026-08-16T13:44:21.147080,0.480150472897303,0.4470049168323055,0.6071732093974369,0.44801861091276163
2026-08-16T13:44:21.180497,0.4822057738802608,0.4468184223963673,0.6068419641527225,0.447818676320603
2026-08-16T13:44:21.210798,0.4825255502812208,0.44586384600848544,0.6065594916562647,0.44737491727560136
2026-08-16T13:44:21.242937,0.48221035569415094,0.44686152951439284,0.6060791251525598,0.448097876290682
2026-08-16T13:44:21.278630,0.480955502820894,0.44693516713140413,0.6070123951967985,0.44869275664599145
2026-08-16T13:44:21.324345,0.4805985242739183,0.4490191938713239,0.6035716817375382,0.44925787289631774
2026-08-16T13:44:21.358062,0.4828148882173241,0.4492082926739472,0.6025797118199263,0.4490025633464164
2026-08-16T13:44:21.387735,0.48278327356779077,0.45084752757645774,0.6025037301792188,0.44942352524968476
2026-08-16T13:44:21.423174,0.4815067319968357,0.45107177942763443,0.6042912231040152,0.44990773714278015
2026-08-16T13:44:21.453247,0.47517852979791203,0.44932604906353285,0.6036612666681259,0.44891846921797174
2026-08-16T13:44:21.483704,0.4749371586113067,0.44542975702033094,0.6003839903713468,0.4435192300655047
2026-08-16T13:44:21.519413,0.46884206886104285,0.4468508112533501,0.5998046937215307,0.4453845274825734
2026-08-16T13:44:21.549953,0.4690570526212705,0.44539795845197644,0.5996156724438535,0.44301508402923295
2026-08-16T13:44:21.579407,0.4692635114385433,0.44345471755895294,0.5994291923908237,0.44311143944990794
2026-08-16T13:44:21.609754,0.4692395838435289,0.443376604681291,0.5990516431551122,0.44331349165763306
2026-08-16T13:44:21.646802,0.4688123990603438,0.444143056673234,0.5984996905860555,0.4443381309365569
2026-08-16T13:44:21.676590,0.4671761832338741,0.4433353480476963,0.5976082122562185,0.4439716248170243
2026-08-16T13:44:21.706914,0.46985951109718704,0.4437199863787667,0.596011585830497,0.444045435081473
2026-08-16T13:44:21.757985,0.4745985213836324,0.44793960161788143,0.6001452775818161,0.44830203458731066
2026-08-16T13:44:21.788612,0.4806965572827656,0.4483701488135024,0.5996457587001027,0.4484604194720778
2026-08-16T13:44:21.818914,0.4806683795931106,0.4487840241929376,0.5993642341248279,0.4492080073145051
2026-08-16T13:44:21.856042,0.48116363755844327,0.44946292478185806,0.5985459291420709,0.45005346488390313
2026-08-16T13:44:21.884745,0.48217992457882297,0.44971105978486087,0.598541744805341,0.4505398455280199
2026-08-16T13:44:21.916166,0.4820371073896485,0.44798922597501084,0.5982859950545237,0.44885999339517224
2026-08-16T13:44:21.950265,0.48190661039980487,0.4435270492920806,0.5984911592613,0.44457735838042406
2026-08-16T13:44:21.978335,0.48273567042254373,0.44358851144050654,0.5986156885289164,0.4443823065978272
2026-08-16T13:44:22.011078,0.4808984663902578,0.44449851386555217,0.6011154094455486,0.44376036367328064
2026-08-16T13:44:22.046133,0.48297192682650597,0.4455438092782419,0.6002016476577996,0.4435687567962685
2026-08-16T13:44:22.074475,0.4812099535772663,0.44469018724639925,0.6019487389542982,0.44380547710023077
2026-08-16T13:44:22.107205,0.48132050781320374,0.44526546161194647,0.6030263832377539,0.44596553697462876
2026-08-16T13:44:22.142904,0.48018625837820655,0.4451889128822699,0.6038714246134435,0.4465012033558007
2026-08-16T13:44:22.186558,0.48260056112777294,0.4477364821716767,0.6056084705891778,0.4503466980066003
2026-08-16T13:44:22.222129,0.4828397415609777,0.448123148034276,0.6050869729258554,0.44981755494251174
2026-08-16T13:44:22.253739,0.4816322830224636,0.450169534095192,0.6068957784156265,0.4531902209034552
2026-08-16T13:44:22.283594,0.4821342889871666,0.45050019434007577,0.6045906113755246,0.4528866232511193
2026-08-16T13:44:22.316321,0.4840316652530393,0.4535342001547018,0.6055802003051722,0.4538700687545021
2026-08-16T13:44:22.349134,0.4850735430808089,0.4539270540603256,0.6068547118176865,0.454901917090247
2026-08-16T13:44:22.379060,0.48186491139616,0.45360647310979135,0.6052559690213078,0.4545260512514298
2026-08-16T13:44:22.410105,0.48023320543254255,0.4536365645052874,0.6063986187564414,0.4540990789591336
2026-08-16T13:44:22.445526,0.480894062154648,0.45178607550709,0.6027846926120833,0.4486456751722395
2026-08-16T13:44:22.476130,0.4785789022285263,0.45153379599258736,0.6027678165158947,0.4490148485617342
2026-08-16T13:44:22.506603,0.4793802623347592,0.44984509069968326,0.6000390623043754,0.44672996653170627
2026-08-16T13:44:22.540343,0.4791389671847255,0.4499896271777147,0.6011031020865192,0.44508437593879496
2026-08-16T13:44:22.573685,0.47948773511977527,0.44966956313131984,0.6011513798774286,0.4450569359929803
2026-08-16T13:44:22.618340,0.478331793688635,0.44890842396134556,0.6026850213438111,0.4442871271667265
2026-08-16T13:44:22.656237,0.4789845136642933,0.44849641032289816,0.6029802279115578,0.44487249629395886
2026-08-16T13:44:22.686334,0.4789022069927474,0.448463234970806,0.6023688673446297,0.4462211442482721
2026-08-16T13:44:22.714693,0.4783906779639308,0.44617316791717365,0.602309983307113,0.44393019572119163
2026-08-16T13:44:22.751692,0.4760907980601679,0.4456374558977791,0.6028676178082157,0.4443148635168232
2026-08-16T13:44:22.779575,0.47586289291157235,0.4448306321887192,0.6022924909083639,0.44222386664765856
2026-08-16T13:44:22.810169,0.47627414314323235,0.44535359466159496,0.6024139128907069,0.44228141117656744
2026-08-16T13:44:22.845231,0.47676706058660506,0.44634633190800427,0.6019064285223693,0.44328301809945453
2026-08-16T13:44:22.874722,0.477833334350853,0.4466936609820617,0.6029680929509532,0.44335767483445643
2026-08-16T13:44:22.911670,0.48188388141206984,0.44826760305144914,0.602779738237822,0.44359010991752135
2026-08-16T13:44:22.940799,0.48149951609777925,0.45140465318045614,0.6033266842288308,0.44673693470241804
2026-08-16T13:44:22.971646,0.4818384714820923,0.45127548366664105,0.6042374068190647,0.4469975788024822
2026-08-16T13:44:23.021625,0.4809591028365201,0.45135570476020687,0.6040655977799267,0.4470804894573845
2026-08-16T13:44:23.051044,0.480195973312744,0.4512933192412518,0.6056405663281623,0.44784813500516224
2026-08-16T13:44:23.087471,0.4826638182777101,0.4519221864117952,0.6068415340231205,0.44929014653363447
2026-08-16T13:44:23.114304,0.4831443543468931,0.45446083625022693,0.6081314056879122,0.4504258843815327
2026-08-16T13:44:23.146491,0.48213893920191303,0.45339291113414004,0.6077116323989535,0.4494294927165932
2026-08-16T13:44:23.181978,0.480958380569627,0.4530650407817897,0.6064552755165464,0.44881221693917184
2026-08-16T13:44:23.212344,0.46680215022877,0.44562634146114016,0.5925463563067103,0.43919159713323686
2026-08-16T13:44:23.243532,0.4307052052226206,0.41700222346531446,0.5587689219032319,0.4008812892056293
2026-08-16T13:44:23.274676,0.42043341791146754,0.40558344192192464,0.5416397132335586,0.3848089275256838
2026-08-16T13:44:23.308623,0.42129816602023334,0.40820737036566423,0.5433225179104403,0.3947666939539252
2026-08-16T13:44:23.339794,0.4156324046288862,0.40807544945476143,0.5447762788380612,0.39762609154205814
2026-08-16T13:44:23.375865,0.41730294801663,0.4108710445729856,0.5419145851505696,0.3983777102312483
2026-08-16T13:44:23.405069,0.4212342364143725,0.4173912668649495,0.537257935720687,0.4066962049368649
2026-08-16T13:44:23.452221,0.41653163136189314,0.4265482186551422,0.5315057657220766,0.4161935748647135
2026-08-16T13:44:23.482119,0.4184786273648567,0.42789357672063943,0.5341901998729617,0.42004157811872833
2026-08-16T13:44:23.515609,0.4175983102130505,0.43609150798848345,0.5341949741241158,0.426293102557159
2026-08-16T13:44:23.550336,0.41774925102260635,0.4386540333361597,0.535328061003596,0.43049426265734647
2026-08-16T13:44:23.579477,0.42073622707106834,0.44434329031963127,0.5323694037199556,0.43418788900886757
2026-08-16T13:44:23.616747,0.4238973530050668,0.44258012356883203,0.5392560314884078,0.43340917617728014
2026-08-16T13:44:23.643777,0.4423671353931859,0.43264465547038244,0.5551505443456002,0.42502931697596497
2026-08-16T13:44:23.674614,0.4479323583079261,0.42510955574568965,0.5650681976504864,0.4152144424988293
2026-08-16T13:44:23.711485,0.44786944439241044,0.42450612085630274,0.570292038228226,0.4155137128162635
2026-08-16T13:44:23.741163,0.4460916667675189,0.42380764729528614,0.5709472149251277,0.41315331010453116
2026-08-16T13:44:23.770801,0.44581370719653035,0.42469189673675967,0.5692711184948513,0.4114359003498647
2026-08-16T13:44:23.806946,0.4497470262300081,0.4249897451724164,0.5706971724754519,0.41008257069284576
2026-08-16T13:44:23.834941,0.44864997550348595,0.4240693270450936,0.5711790186378756,0.4075836917143402
2026-08-16T13:44:23.883765,0.4488447725207819,0.4218309486424008,0.5739106174441202,0.40673360778790096
2026-08-16T13:44:23.920449,0.4488362059634781,0.41792570602864415,0.5746054625456847,0.40244524388739505
2026-08-16T13:44:23.949878,0.4488294543601845,0.4149543979826719,0.5741389579142515,0.39599209732092866
2026-08-16T13:44:23.980198,0.4473985400605504,0.4096472242733845,0.5740283291479576,0.39247353695593856
2026-08-16T13:44:24.010904,0.4482458684846558,0.40763844833558566,0.5742338642500214,0.38720618384546973
2026-08-16T13:44:24.046755,0.4480581202854397,0.4021904626367821,0.573950822739314,0.38395637531880117
2026-08-16T13:44:24.076607,0.44837808838048776,0.3993361405253393,0.5735722191804564,0.37917364934961295
2026-08-16T13:44:24.107311,0.44820163910948324,0.4016447597459379,0.5741096355486448,0.3826323404778979
2026-08-16T13:44:24.140978,0.44623149319715927,0.398928210666321,0.5741774583734389,0.3805779747970307
2026-08-16T13:44:24.172912,0.44510626793157815,0.39963111489388076,0.5734770673602837,0.3811449438269554
2026-08-16T13:44:24.204434,0.43854637752686765,0.3977774351507953,0.5743625931101904,0.3758829855363148
2026-08-16T13:44:24.240204,0.44047834581454987,0.3984412276208857,0.5750425525663744,0.38001836101093023
2026-08-16T13:44:24.269593,0.44246469447745324,0.39894375176414554,0.5739440845025078,0.3811256934109037
2026-08-16T13:44:24.314762,0.44258929072274017,0.39956309197050044,0.5738929046012766,0.38322017227977295
2026-08-16T13:44:24.351608,0.43738453860358356,0.39989477745431445,0.5761525598397791,0.3840304666194947
2026-08-16T13:44:24.382961,0.4365644720914793,0.4001929679521456,0.5726276460345602,0.3830173324123249
2026-08-16T13:44:24.411627,0.4377059798735389,0.40111006062817944,0.574078124649392,0.3847614197850127
2026-08-16T13:44:24.444663,0.43712197973206784,0.4002371964312007,0.571273094676938,0.3831131570197238
2026-08-16T13:44:24.478220,0.43668841194217795,0.39998061132492513,0.5717904702863473,0.38218618616212546
2026-08-16T13:44:24.508635,0.43637248720840605,0.3991944448229752,0.5718984899756505,0.37987529338289516
2026-08-16T13:44:24.539963,0.4353975310825528,0.40234732091693454,0.5711030510588355,0.3851690038660683
2026-08-16T13:44:24.577507,0.43534068911047885,0.40257778292151375,0.5702984090459957,0.38477783295262763
2026-08-16T13:44:24.603368,0.4357256695049297,0.40712323428383734,0.5699685843794604,0.3918530320171286
2026-08-16T13:44:24.636205,0.4357972449987225,0.40616380309577144,0.5687678990578755,0.38886948667184346
2026-08-16T13:44:24.672457,0.4378141571821155,0.4071035454708651,0.5685540982130092,0.3903234851566488
2026-08-16T13:44:24.715209,0.43890030745188635,0.40763142160076443,0.5695037815972969,0.39083948749977476
2026-08-16T13:44:24.750283,0.43690701305591134,0.40612992820182003,0.5686134628839155,0.3876220823707495
2026-08-16T13:44:24.781368,0.43583937925825944,0.4085138337346596,0.5679486651245007,0.39313500698002846
2026-08-16T13:44:24.812781,0.43599983123854796,0.4123691174111301,0.5679124184469438,0.3988881117627008
2026-08-16T13:44:24.848235,0.4340962658628852,0.41012245247140894,0.5666284044457489,0.39336388207276274
2026-08-16T13:44:24.875719,0.4290397295252696,0.4004691398541654,0.5594894803327969,0.3762416188306635
2026-08-16T13:44:24.907034,0.4109717886271453,0.37745638595735614,0.5371959117301702,0.36596995898459045
2026-08-16T13:44:24.942840,0.39475032780123653,0.4000280651914293,0.5241738627341155,0.39975740566766954
2026-08-16T13:44:24.973030,0.3934557727228656,0.40775080258990626,0.5185771183179928,0.4042957329201369
2026-08-16T13:44:25.002519,0.38940440246756713,0.4167787527596652,0.5141023241160404,0.40961179816838944
2026-08-16T13:44:25.035956,0.3859350705076644,0.4226962209666047,0.5156136660491043,0.41516030561379647
2026-08-16T13:44:25.070124,0.38883081011422616,0.4196842434245848,0.5223248508987131,0.41266692121169957
2026-08-16T13:44:25.100480,0.3985743259610217,0.4059643467373192,0.5239563650610329,0.3874107288060759
2026-08-16T13:44:25.148290,0.399336735295641,0.4030870197151952,0.5251100027838488,0.3835891115828849
2026-08-16T13:44:25.180428,0.41295511689610664,0.4026852023374496,0.5312400522964976,0.3818593437860724
2026-08-16T13:44:25.211195,0.4192571276693624,0.3937822259548952,0.535550451289109,0.36899211225541034
2026-08-16T13:44:25.248276,0.42718582838755864,0.39755332348129824,0.5464847753398093,0.37471402069869103
2026-08-16T13:44:25.277627,0.4354066822694137,0.41129794366866546,0.5507648590492916,0.3882837840468805
2026-08-16T13:44:25.307879,0.43844649039110034,0.4113506121752238,0.5541478632395833,0.39036390181018876
2026-08-16T13:44:25.339806,0.4349483177893021,0.4070863190717491,0.5552998327163461,0.3883950916125599
2026-08-16T13:44:25.374582,0.4297724299161352,0.40482141417399015,0.5536629462298146,0.38783969654102296
2026-08-16T13:44:25.405162,0.4293090340932092,0.40569687817325034,0.5545692906615213,0.38653134166002845
2026-08-16T13:44:25.436838,0.42756003601008985,0.3998705069107019,0.5559826197368494,0.37830481962277795
2026-08-16T13:44:25.468449,0.42315718333550284,0.3976007048399295,0.5459806621190316,0.3745338606307324
2026-08-16T13:44:25.500892,0.41721397779765873,0.4264640449199218,0.5281892687469427,0.40166441923798785
2026-08-16T13:44:25.533513,0.39377305053685224,0.43440945915751294,0.49787620565013374,0.41793677917409794
2026-08-16T13:44:25.579697,0.4063694658825737,0.434712387679532,0.5012657325698214,0.42368990829793196
2026-08-16T13:44:25.610862,0.40224234852897317,0.4451204790906013,0.504039389712013,0.43714841789583025
2026-08-16T13:44:25.645421,0.3969290422644432,0.44065619700656106,0.5045418631552623,0.434057298044399
2026-08-16T13:44:25.676661,0.39907878448277134,0.4386691856613597,0.5077293062087611,0.43029796527290537
2026-08-16T13:44:25.709433,0.3997636743570467,0.4349907327680565,0.510095689492079,0.42781765174362657
2026-08-16T13:44:25.740774,0.39970427155990385,0.4317855691106682,0.5119929136949425,0.4238685267708036
2026-08-16T13:44:25.772728,0.3971231104212871,0.42851511329789516,0.5105526156983726,0.42133456838505023
2026-08-16T13:44:25.805999,0.3961182431300229,0.4246401505456567,0.5067715921490771,0.41630890908832185
2026-08-16T13:44:25.836049,0.3928039169629768,0.4287807499373895,0.5018205151341983,0.42167823529691056
2026-08-16T13:44:25.867153,0.38206249667449604,0.42782811944242316,0.49809949367899814,0.42606915605562656
2026-08-16T13:44:25.898043,0.38374901685022184,0.4287792126108065,0.5036414324251138,0.4269333915953788
2026-08-16T13:44:25.932551,0.3844295292489257,0.4311035729318859,0.5049247042722849,0.4277245259679801
2026-08-16T13:44:25.963012,0.3904001731703322,0.4303604901245061,0.5116894222729563,0.4251603738892819
2026-08-16T13:44:26.012018,0.37983234736300076,0.4292117595663148,0.5032145793586803,0.42270071030536105
